Reference, Value, Footprint, Datasheet, MFR, MPN, Manuf, BOM
"BT1","Battery_Cell","Keystone:KEYS-1043","","Keystone","1043","",""
"C4","10n","Capacitors_SMD:C_0603",""
"R9","100K","Resistors_SMD:R_0603","","","","",""
"R8","100K","Resistors_SMD:R_0603","","","","",""
"C5","10n","Capacitors_SMD:C_0603",""
"U3","W25Q16JVSNIQ","Housings_SOIC:SOIC-8_3.9x4.9mm_Pitch1.27mm","https://www.winbond.com/resource-files/w25q16jv%20spi%20revd%2008122016.pdf","","W25Q16JVSNIQ","Winbond","Winbond W25Q16JVSNIQ"
"C26","100n","Capacitors_SMD:C_0603","","","","",""
"C7","100n","Capacitors_SMD:C_0603","","","","",""
"R15","1K","Resistors_SMD:R_0603","","Vishay","CRCW06031K00FKTABC","",""
"R16","1K","Resistors_SMD:R_0603","","Vishay","CRCW06031K00FKTABC","",""
"C12","DNP","Capacitors_SMD:C_0603","","","","",""
"C11","DNP","Capacitors_SMD:C_0603","","","","",""
"C8","DNP","Capacitors_SMD:C_0603","","","","",""
"C9","DNP","Capacitors_SMD:C_0603","","","","",""
"J5","Conn_01x04","Zelkova:1-2834021-4-dual",""
"R22","1K","Resistors_SMD:R_0603","","Vishay","CRCW06031K00FKTABC","",""
"R23","1K","Resistors_SMD:R_0603","","Vishay","CRCW06031K00FKTABC","",""
"C15","DNP","Capacitors_SMD:C_0603","","","","",""
"C14","DNP","Capacitors_SMD:C_0603","","","","",""
"R29","1K","Resistors_SMD:R_0603","","Vishay","CRCW06031K00FKTABC","",""
"R30","1K","Resistors_SMD:R_0603","","Vishay","CRCW06031K00FKTABC","",""
"C18","DNP","Capacitors_SMD:C_0603","","","","",""
"C17","DNP","Capacitors_SMD:C_0603","","","","",""
"R12","DNP","Resistors_SMD:R_0603","","","","",""
"C27","100n","Capacitors_SMD:C_0603","","","","",""
"R53","100K","Resistors_SMD:R_0603","","","","",""
"U2","RFM95","RFM92_95_96_98:RFM92_95_96_98","http://www.hoperf.com/upload/rf/RFM95_96_97_98W.pdf","","RFM95","Hope","HopeRF RFM96"
"C19","100n","Capacitors_SMD:C_0603","","","","",""
"R39","100K","Resistors_SMD:R_0603","","","","",""
"R40","100K","Resistors_SMD:R_0603","","","","",""
"R41","100K","Resistors_SMD:R_0603","","","","",""
"L1","L","Resistors_SMD:R_0603","","Murata","BLM18AG331SN1D","",""
"R51","1K","Resistors_SMD:R_0603","","Vishay","CRCW06031K00FKTABC","",""
"R35","100K","Resistors_SMD:R_0603","","","","",""
"U1","STM32F103_BluePill","Zelkova:BluePill","","","","",""
"C1","100n","Capacitors_SMD:C_0603","","","","",""
"C2","100n","Capacitors_SMD:C_0603","","","","",""
"C3","100n","Capacitors_SMD:C_0603","","","","",""
"J2","Conn_01x02","Socket_Strips:Socket_Strip_Straight_1x02_Pitch2.54mm","","","","",""
"J8","Conn_01x01","Mounting_Holes:MountingHole_3.2mm_M3_Pad_Via","","","","",""
"J9","Conn_01x01","Mounting_Holes:MountingHole_3.2mm_M3_Pad_Via","","","","",""
"J10","Conn_01x01","Mounting_Holes:MountingHole_3.2mm_M3_Pad_Via","","","","",""
"J11","Conn_01x01","Mounting_Holes:MountingHole_3.2mm_M3_Pad_Via","","","","",""
"U6","ESP-01v090","ESP8266:ESP-01","","Espressif","","",""
"U7","ESP-13-WROOM-02","ESP8266:ESP-13-WROOM-02","","Espressif","ESP-WROOM-02","",""
"L2","L","Resistors_SMD:R_0603","","Murata","BLM18AG331SN1D","",""
"C32","DNP","Capacitors_SMD:C_0603","","","","",""
"C31","10u","Capacitors_SMD:C_0603","","","","",""
"D6","LED","LEDs:LED_0805","","","","",""
"R55","1K","Resistors_SMD:R_0603","","Vishay","CRCW06031K00FKTABC","",""
"C30","100n","Capacitors_SMD:C_0603","","","","",""
"U4","AH9250","TO_SOT_Packages_SMD:SOT-23","https://www.diodes.com/assets/Datasheets/AH9250.pdf","","AH9250","Diodes","Diodes AH9250"
"C29","100n","Capacitors_SMD:C_0603","","","","",""
"R54","1K","Resistors_SMD:R_0603","","","","",""
"D7","LED","LEDs:LED_0805","","","","",""
"R56","1K","Resistors_SMD:R_0603","","Vishay","CRCW06031K00FKTABC","",""
"R57","1K","Resistors_SMD:R_0603","","","","",""
"R58","1K","Resistors_SMD:R_0603","","","","",""
"C34","DNP","Capacitors_SMD:C_0603","","","","",""
"C35","DNP","Capacitors_SMD:C_0603","","","","",""
"Q4","Q_PMOS_GSD","TO_SOT_Packages_SMD:SOT-23","","ON Semiconductor","FDV304P","",""
"Q2","Q_PMOS_GSD","TO_SOT_Packages_SMD:SOT-23","","","FDV304P","",""
"Q3","Q_NMOS_GSD","TO_SOT_Packages_SMD:SOT-23","","ON Semiconductor","FDN339AN","",""
"R20","1M","Resistors_SMD:R_0603","","","","",""
"R19","1M","Resistors_SMD:R_0603","","","","",""
"U5","MIC5504-3.3YM5","TO_SOT_Packages_SMD:SOT-23-5","","Microchip","MIC5504-3.3YM5","",""
"C13","1u","Capacitors_SMD:C_0603","","","","",""
"C6","1u","Capacitors_SMD:C_0603","","","","",""
"U8","MIC5504-3.3YM5","TO_SOT_Packages_SMD:SOT-23-5","","Microchip","MIC5504-3.3YM5","",""
"C33","1u","Capacitors_SMD:C_0603","","","","",""
"C20","1u","Capacitors_SMD:C_0603","","","","",""
"U10","MIC5504-3.3YM5","TO_SOT_Packages_SMD:SOT-23-5","","Microchip","MIC5504-3.3YM5","",""
"C39","1u","Capacitors_SMD:C_0603","","","","",""
"C38","1u","Capacitors_SMD:C_0603","","","","",""
"Q1","Q_NMOS_GSD","TO_SOT_Packages_SMD:SOT-23","","ON Semiconductor","FDN339AN","",""
"R21","1M","Resistors_SMD:R_0603","","","","",""
"D1","D_Schottky","Zelkova:SMA_Standard",""
"C37","1u","Capacitors_SMD:C_0603","","","","",""
"C36","1u","Capacitors_SMD:C_0603","","","","",""
"R10","1M","Resistors_SMD:R_0603","","","","",""
"R14","1","Resistors_SMD:R_0603",""
"D2","LED","LEDs:LED_0805","","LiteON","LTST-C170EKT","",""
"R11","1K","Resistors_SMD:R_0603","","Vishay","CRCW06031K00FKTABC","",""
"R2","100K","Resistors_SMD:R_0603","","","","",""
"U9","MIC5504-3.3YM5","TO_SOT_Packages_SMD:SOT-23-5","","Microchip","MIC5504-3.3YM5","",""
"R1","DNP","Resistors_SMD:R_0603","","","","",""
"R50","100K","Resistors_SMD:R_0603","","","","",""
"R49","100K","Resistors_SMD:R_0603","","","","",""
"R48","100K","Resistors_SMD:R_0603","","","","",""
"D3","LED","LEDs:LED_0805","","LiteON","LTST-C170EKT ","",""
"R3","1K","Resistors_SMD:R_0603","","Vishay","CRCW06031K00FKTABC","",""
"U11","AH9250","TO_SOT_Packages_THT:TO-92_Inline_Narrow_Oval","https://www.diodes.com/assets/Datasheets/AH9250.pdf","","AH9250","Diodes","Diodes AH9250"
"D5","LED","LEDs:LED-3MM","","","","",""
"D4","LED","LEDs:LED-3MM","","","","",""
"D8","LED","LEDs:LED-3MM","","","","",""
"J1","Conn_01x01","Mounting_Holes:MountingHole_3.2mm_M3_Pad_Via","","","","",""
"J7","Conn_01x01","Mounting_Holes:MountingHole_3.2mm_M3_Pad_Via","","","","",""
"C10","DNP","Capacitors_SMD:C_0603","","","","",""
"C16","DNP","Capacitors_SMD:C_0603","","","","",""
"C21","DNP","Capacitors_SMD:C_0603","","","","",""
"RN2","100","Resistors_SMD:R_Array_Convex_4x0603","","Yageo","YC164-JR-07100R","",""
"RN1","100","Resistors_SMD:R_Array_Convex_4x0603",""
"RN3","100","Resistors_SMD:R_Array_Convex_4x0603",""
"RN4","100","Resistors_SMD:R_Array_Convex_4x0603",""
"J12","Conn_Coaxial","Zelkova:U.FL-COAX",""
"J6","Conn_01x04","Zelkova:1-2834021-4-dual",""
"J3","Conn_01x04","Zelkova:1-2834021-4-dual",""
"J4","Conn_01x04","Zelkova:1-2834021-4-dual",""
"G1","LOGO","Zelkova:Zelkova-logo",""
"J14","TEST_GND","Pin_Headers:Pin_Header_Straight_1x02_Pitch2.54mm",""
"J15","TEST_VCELL","Pin_Headers:Pin_Header_Straight_1x02_Pitch2.54mm",""
"J17","TEST_SUN_EN","Pin_Headers:Pin_Header_Straight_1x01_Pitch2.54mm",""
"D9","4V7","Diodes_ThroughHole:D_DO-41_SOD81_P5.08mm_Vertical_KathodeUp","","","1N5917B","",""
"J18","Conn_01x01","Fiducials:Fiducial_1mm_Dia_2mm_Outer",""
"J19","Conn_01x01","Fiducials:Fiducial_1mm_Dia_2mm_Outer",""
"J20","Conn_01x01","Fiducials:Fiducial_1mm_Dia_2mm_Outer",""
"J21","Conn_01x01","Fiducials:Fiducial_1mm_Dia_2mm_Outer",""
"J22","Conn_01x01","Fiducials:Fiducial_1mm_Dia_2mm_Outer",""
"J23","Conn_01x01","Fiducials:Fiducial_1mm_Dia_2mm_Outer",""
