<?xml version="1.0" encoding="UTF-8"?>
<export version="D">
  <design>
    <source>/Users/david/Documents/Nut &amp; Bolt/Projecten/zelkova/hardware/Zelkova-PCB/Zelkova-PCB.sch</source>
    <date>zaterdag 12 mei 2018 15:56:21</date>
    <tool>Eeschema 4.0.7</tool>
    <sheet number="1" name="/" tstamps="/">
      <title_block>
        <title>Zelkova PCB</title>
        <company>JeeLabs and Nut &amp; Bolt</company>
        <rev>0</rev>
        <date>2018-05-02</date>
        <source>Zelkova-PCB.sch</source>
        <comment number="1" value=""/>
        <comment number="2" value=""/>
        <comment number="3" value=""/>
        <comment number="4" value=""/>
      </title_block>
    </sheet>
  </design>
  <components>
    <comp ref="BT1">
      <value>Battery_Cell</value>
      <footprint>Keystone:KEYS-1043</footprint>
      <fields>
        <field name="MFR">Keystone</field>
        <field name="MPN">1043</field>
      </fields>
      <libsource lib="device" part="Battery_Cell"/>
      <sheetpath names="/" tstamps="/"/>
      <tstamp>5AEA101D</tstamp>
    </comp>
    <comp ref="C4">
      <value>10n</value>
      <footprint>Capacitors_SMD:C_0603</footprint>
      <libsource lib="device" part="C"/>
      <sheetpath names="/" tstamps="/"/>
      <tstamp>5AEA114B</tstamp>
    </comp>
    <comp ref="R9">
      <value>100K</value>
      <footprint>Resistors_SMD:R_0603</footprint>
      <fields/>
      <libsource lib="device" part="R"/>
      <sheetpath names="/" tstamps="/"/>
      <tstamp>5AF2B9B9</tstamp>
    </comp>
    <comp ref="R8">
      <value>100K</value>
      <footprint>Resistors_SMD:R_0603</footprint>
      <fields/>
      <libsource lib="device" part="R"/>
      <sheetpath names="/" tstamps="/"/>
      <tstamp>5AEA136A</tstamp>
    </comp>
    <comp ref="C5">
      <value>10n</value>
      <footprint>Capacitors_SMD:C_0603</footprint>
      <libsource lib="device" part="C"/>
      <sheetpath names="/" tstamps="/"/>
      <tstamp>5AEA1376</tstamp>
    </comp>
    <comp ref="U3">
      <value>W25Q16JVSNIQ</value>
      <footprint>Housings_SOIC:SOIC-8_3.9x4.9mm_Pitch1.27mm</footprint>
      <datasheet>https://www.winbond.com/resource-files/w25q16jv%20spi%20revd%2008122016.pdf</datasheet>
      <fields>
        <field name="MPN">W25Q16JVSNIQ</field>
        <field name="Manuf">Winbond</field>
        <field name="BOM">Winbond W25Q16JVSNIQ</field>
      </fields>
      <libsource lib="Winbond" part="W25Q16JVSNIQ"/>
      <sheetpath names="/" tstamps="/"/>
      <tstamp>5AEA13BD</tstamp>
    </comp>
    <comp ref="C26">
      <value>100n</value>
      <footprint>Capacitors_SMD:C_0603</footprint>
      <fields/>
      <libsource lib="device" part="C"/>
      <sheetpath names="/" tstamps="/"/>
      <tstamp>5AEA14E4</tstamp>
    </comp>
    <comp ref="C7">
      <value>100n</value>
      <footprint>Capacitors_SMD:C_0603</footprint>
      <fields/>
      <libsource lib="device" part="C"/>
      <sheetpath names="/" tstamps="/"/>
      <tstamp>5AEA594E</tstamp>
    </comp>
    <comp ref="R15">
      <value>1K</value>
      <footprint>Resistors_SMD:R_0603</footprint>
      <fields>
        <field name="MFR">Vishay</field>
        <field name="MPN">CRCW06031K00FKTABC</field>
      </fields>
      <libsource lib="device" part="R"/>
      <sheetpath names="/" tstamps="/"/>
      <tstamp>5AEB37C1</tstamp>
    </comp>
    <comp ref="R16">
      <value>1K</value>
      <footprint>Resistors_SMD:R_0603</footprint>
      <fields>
        <field name="MFR">Vishay</field>
        <field name="MPN">CRCW06031K00FKTABC</field>
      </fields>
      <libsource lib="device" part="R"/>
      <sheetpath names="/" tstamps="/"/>
      <tstamp>5AEB3839</tstamp>
    </comp>
    <comp ref="C12">
      <value>DNP</value>
      <footprint>Capacitors_SMD:C_0603</footprint>
      <fields/>
      <libsource lib="device" part="C"/>
      <sheetpath names="/" tstamps="/"/>
      <tstamp>5AEB38B0</tstamp>
    </comp>
    <comp ref="C11">
      <value>DNP</value>
      <footprint>Capacitors_SMD:C_0603</footprint>
      <fields/>
      <libsource lib="device" part="C"/>
      <sheetpath names="/" tstamps="/"/>
      <tstamp>5AEB3934</tstamp>
    </comp>
    <comp ref="C8">
      <value>DNP</value>
      <footprint>Capacitors_SMD:C_0603</footprint>
      <fields/>
      <libsource lib="device" part="C"/>
      <sheetpath names="/" tstamps="/"/>
      <tstamp>5AECC67A</tstamp>
    </comp>
    <comp ref="C9">
      <value>DNP</value>
      <footprint>Capacitors_SMD:C_0603</footprint>
      <fields/>
      <libsource lib="device" part="C"/>
      <sheetpath names="/" tstamps="/"/>
      <tstamp>5AECC741</tstamp>
    </comp>
    <comp ref="J5">
      <value>Conn_01x04</value>
      <footprint>Zelkova:1-2834021-4-dual</footprint>
      <libsource lib="conn" part="Conn_01x04"/>
      <sheetpath names="/" tstamps="/"/>
      <tstamp>5AED1558</tstamp>
    </comp>
    <comp ref="R22">
      <value>1K</value>
      <footprint>Resistors_SMD:R_0603</footprint>
      <fields>
        <field name="MFR">Vishay</field>
        <field name="MPN">CRCW06031K00FKTABC</field>
      </fields>
      <libsource lib="device" part="R"/>
      <sheetpath names="/" tstamps="/"/>
      <tstamp>5AED157F</tstamp>
    </comp>
    <comp ref="R23">
      <value>1K</value>
      <footprint>Resistors_SMD:R_0603</footprint>
      <fields>
        <field name="MFR">Vishay</field>
        <field name="MPN">CRCW06031K00FKTABC</field>
      </fields>
      <libsource lib="device" part="R"/>
      <sheetpath names="/" tstamps="/"/>
      <tstamp>5AED1585</tstamp>
    </comp>
    <comp ref="C15">
      <value>DNP</value>
      <footprint>Capacitors_SMD:C_0603</footprint>
      <fields/>
      <libsource lib="device" part="C"/>
      <sheetpath names="/" tstamps="/"/>
      <tstamp>5AED158B</tstamp>
    </comp>
    <comp ref="C14">
      <value>DNP</value>
      <footprint>Capacitors_SMD:C_0603</footprint>
      <fields/>
      <libsource lib="device" part="C"/>
      <sheetpath names="/" tstamps="/"/>
      <tstamp>5AED1591</tstamp>
    </comp>
    <comp ref="R29">
      <value>1K</value>
      <footprint>Resistors_SMD:R_0603</footprint>
      <fields>
        <field name="MFR">Vishay</field>
        <field name="MPN">CRCW06031K00FKTABC</field>
      </fields>
      <libsource lib="device" part="R"/>
      <sheetpath names="/" tstamps="/"/>
      <tstamp>5AED1838</tstamp>
    </comp>
    <comp ref="R30">
      <value>1K</value>
      <footprint>Resistors_SMD:R_0603</footprint>
      <fields>
        <field name="MFR">Vishay</field>
        <field name="MPN">CRCW06031K00FKTABC</field>
      </fields>
      <libsource lib="device" part="R"/>
      <sheetpath names="/" tstamps="/"/>
      <tstamp>5AED183E</tstamp>
    </comp>
    <comp ref="C18">
      <value>DNP</value>
      <footprint>Capacitors_SMD:C_0603</footprint>
      <fields/>
      <libsource lib="device" part="C"/>
      <sheetpath names="/" tstamps="/"/>
      <tstamp>5AED1844</tstamp>
    </comp>
    <comp ref="C17">
      <value>DNP</value>
      <footprint>Capacitors_SMD:C_0603</footprint>
      <fields/>
      <libsource lib="device" part="C"/>
      <sheetpath names="/" tstamps="/"/>
      <tstamp>5AED184A</tstamp>
    </comp>
    <comp ref="R12">
      <value>DNP</value>
      <footprint>Resistors_SMD:R_0603</footprint>
      <fields/>
      <libsource lib="device" part="R"/>
      <sheetpath names="/" tstamps="/"/>
      <tstamp>5AED44EA</tstamp>
    </comp>
    <comp ref="C27">
      <value>100n</value>
      <footprint>Capacitors_SMD:C_0603</footprint>
      <fields/>
      <libsource lib="device" part="C"/>
      <sheetpath names="/" tstamps="/"/>
      <tstamp>5AEDADB9</tstamp>
    </comp>
    <comp ref="R53">
      <value>100K</value>
      <footprint>Resistors_SMD:R_0603</footprint>
      <fields/>
      <libsource lib="device" part="R"/>
      <sheetpath names="/" tstamps="/"/>
      <tstamp>5AEDDD0C</tstamp>
    </comp>
    <comp ref="U2">
      <value>RFM95</value>
      <footprint>RFM92_95_96_98:RFM92_95_96_98</footprint>
      <datasheet>http://www.hoperf.com/upload/rf/RFM95_96_97_98W.pdf</datasheet>
      <fields>
        <field name="MPN">RFM95</field>
        <field name="Manuf">Hope</field>
        <field name="BOM">HopeRF RFM96</field>
      </fields>
      <libsource lib="HopeRF" part="RFM96"/>
      <sheetpath names="/" tstamps="/"/>
      <tstamp>5AEFC0FE</tstamp>
    </comp>
    <comp ref="C19">
      <value>100n</value>
      <footprint>Capacitors_SMD:C_0603</footprint>
      <fields/>
      <libsource lib="device" part="C"/>
      <sheetpath names="/" tstamps="/"/>
      <tstamp>5AEFCE66</tstamp>
    </comp>
    <comp ref="R39">
      <value>100K</value>
      <footprint>Resistors_SMD:R_0603</footprint>
      <fields/>
      <libsource lib="device" part="R"/>
      <sheetpath names="/" tstamps="/"/>
      <tstamp>5AF01421</tstamp>
    </comp>
    <comp ref="R40">
      <value>100K</value>
      <footprint>Resistors_SMD:R_0603</footprint>
      <fields/>
      <libsource lib="device" part="R"/>
      <sheetpath names="/" tstamps="/"/>
      <tstamp>5AF0144A</tstamp>
    </comp>
    <comp ref="R41">
      <value>100K</value>
      <footprint>Resistors_SMD:R_0603</footprint>
      <fields/>
      <libsource lib="device" part="R"/>
      <sheetpath names="/" tstamps="/"/>
      <tstamp>5AF01450</tstamp>
    </comp>
    <comp ref="L1">
      <value>L</value>
      <footprint>Resistors_SMD:R_0603</footprint>
      <fields>
        <field name="MFR">Murata</field>
        <field name="MPN">BLM18AG331SN1D</field>
      </fields>
      <libsource lib="device" part="L"/>
      <sheetpath names="/" tstamps="/"/>
      <tstamp>5AF07A7B</tstamp>
    </comp>
    <comp ref="R51">
      <value>1K</value>
      <footprint>Resistors_SMD:R_0603</footprint>
      <fields>
        <field name="MFR">Vishay</field>
        <field name="MPN">CRCW06031K00FKTABC</field>
      </fields>
      <libsource lib="device" part="R"/>
      <sheetpath names="/" tstamps="/"/>
      <tstamp>5AF0B696</tstamp>
    </comp>
    <comp ref="R35">
      <value>100K</value>
      <footprint>Resistors_SMD:R_0603</footprint>
      <fields/>
      <libsource lib="device" part="R"/>
      <sheetpath names="/" tstamps="/"/>
      <tstamp>5AF0C231</tstamp>
    </comp>
    <comp ref="U1">
      <value>STM32F103_BluePill</value>
      <footprint>Zelkova:BluePill</footprint>
      <fields/>
      <libsource lib="BluePill" part="STM32F103_BluePill"/>
      <sheetpath names="/" tstamps="/"/>
      <tstamp>5AF1307C</tstamp>
    </comp>
    <comp ref="C1">
      <value>100n</value>
      <footprint>Capacitors_SMD:C_0603</footprint>
      <fields/>
      <libsource lib="device" part="C"/>
      <sheetpath names="/" tstamps="/"/>
      <tstamp>5AF1F547</tstamp>
    </comp>
    <comp ref="C2">
      <value>100n</value>
      <footprint>Capacitors_SMD:C_0603</footprint>
      <fields/>
      <libsource lib="device" part="C"/>
      <sheetpath names="/" tstamps="/"/>
      <tstamp>5AF1F997</tstamp>
    </comp>
    <comp ref="C3">
      <value>100n</value>
      <footprint>Capacitors_SMD:C_0603</footprint>
      <fields/>
      <libsource lib="device" part="C"/>
      <sheetpath names="/" tstamps="/"/>
      <tstamp>5AF1FADF</tstamp>
    </comp>
    <comp ref="J2">
      <value>Conn_01x02</value>
      <footprint>Socket_Strips:Socket_Strip_Straight_1x02_Pitch2.54mm</footprint>
      <fields/>
      <libsource lib="conn" part="Conn_01x02"/>
      <sheetpath names="/" tstamps="/"/>
      <tstamp>5AF27F9A</tstamp>
    </comp>
    <comp ref="J8">
      <value>Conn_01x01</value>
      <footprint>Mounting_Holes:MountingHole_3.2mm_M3_Pad_Via</footprint>
      <fields/>
      <libsource lib="conn" part="Conn_01x01"/>
      <sheetpath names="/" tstamps="/"/>
      <tstamp>5AF38DC8</tstamp>
    </comp>
    <comp ref="J9">
      <value>Conn_01x01</value>
      <footprint>Mounting_Holes:MountingHole_3.2mm_M3_Pad_Via</footprint>
      <fields/>
      <libsource lib="conn" part="Conn_01x01"/>
      <sheetpath names="/" tstamps="/"/>
      <tstamp>5AF38F6D</tstamp>
    </comp>
    <comp ref="J10">
      <value>Conn_01x01</value>
      <footprint>Mounting_Holes:MountingHole_3.2mm_M3_Pad_Via</footprint>
      <fields/>
      <libsource lib="conn" part="Conn_01x01"/>
      <sheetpath names="/" tstamps="/"/>
      <tstamp>5AF3943A</tstamp>
    </comp>
    <comp ref="J11">
      <value>Conn_01x01</value>
      <footprint>Mounting_Holes:MountingHole_3.2mm_M3_Pad_Via</footprint>
      <fields/>
      <libsource lib="conn" part="Conn_01x01"/>
      <sheetpath names="/" tstamps="/"/>
      <tstamp>5AF39594</tstamp>
    </comp>
    <comp ref="U6">
      <value>ESP-01v090</value>
      <footprint>ESP8266:ESP-01</footprint>
      <fields>
        <field name="MFR">Espressif</field>
      </fields>
      <libsource lib="ESP8266" part="ESP-01v090"/>
      <sheetpath names="/" tstamps="/"/>
      <tstamp>5AF07007</tstamp>
    </comp>
    <comp ref="U7">
      <value>ESP-13-WROOM-02</value>
      <footprint>ESP8266:ESP-13-WROOM-02</footprint>
      <fields>
        <field name="MFR">Espressif</field>
        <field name="MPN">ESP-WROOM-02</field>
      </fields>
      <libsource lib="ESP8266" part="ESP-13-WROOM-02"/>
      <sheetpath names="/" tstamps="/"/>
      <tstamp>5AF13378</tstamp>
    </comp>
    <comp ref="L2">
      <value>L</value>
      <footprint>Resistors_SMD:R_0603</footprint>
      <fields>
        <field name="MFR">Murata</field>
        <field name="MPN">BLM18AG331SN1D</field>
      </fields>
      <libsource lib="device" part="L"/>
      <sheetpath names="/" tstamps="/"/>
      <tstamp>5AEDD1E9</tstamp>
    </comp>
    <comp ref="C32">
      <value>DNP</value>
      <footprint>Capacitors_SMD:C_0603</footprint>
      <fields/>
      <libsource lib="device" part="C"/>
      <sheetpath names="/" tstamps="/"/>
      <tstamp>5AF19F0F</tstamp>
    </comp>
    <comp ref="C31">
      <value>10u</value>
      <footprint>Capacitors_SMD:C_0603</footprint>
      <fields/>
      <libsource lib="device" part="C"/>
      <sheetpath names="/" tstamps="/"/>
      <tstamp>5AF1B3BC</tstamp>
    </comp>
    <comp ref="D6">
      <value>LED</value>
      <footprint>LEDs:LED_0805</footprint>
      <fields/>
      <libsource lib="device" part="LED"/>
      <sheetpath names="/" tstamps="/"/>
      <tstamp>5AF21C7D</tstamp>
    </comp>
    <comp ref="R55">
      <value>1K</value>
      <footprint>Resistors_SMD:R_0603</footprint>
      <fields>
        <field name="MFR">Vishay</field>
        <field name="MPN">CRCW06031K00FKTABC</field>
      </fields>
      <libsource lib="device" part="R"/>
      <sheetpath names="/" tstamps="/"/>
      <tstamp>5AF21E24</tstamp>
    </comp>
    <comp ref="C30">
      <value>100n</value>
      <footprint>Capacitors_SMD:C_0603</footprint>
      <fields/>
      <libsource lib="device" part="C"/>
      <sheetpath names="/" tstamps="/"/>
      <tstamp>5AF2436A</tstamp>
    </comp>
    <comp ref="U4">
      <value>AH9250</value>
      <footprint>TO_SOT_Packages_SMD:SOT-23</footprint>
      <datasheet>https://www.diodes.com/assets/Datasheets/AH9250.pdf</datasheet>
      <fields>
        <field name="MPN">AH9250</field>
        <field name="Manuf">Diodes</field>
        <field name="BOM">Diodes AH9250</field>
      </fields>
      <libsource lib="AH9250" part="AH9250"/>
      <sheetpath names="/" tstamps="/"/>
      <tstamp>5AF290E3</tstamp>
    </comp>
    <comp ref="C29">
      <value>100n</value>
      <footprint>Capacitors_SMD:C_0603</footprint>
      <fields/>
      <libsource lib="device" part="C"/>
      <sheetpath names="/" tstamps="/"/>
      <tstamp>5AF2AF99</tstamp>
    </comp>
    <comp ref="R54">
      <value>1K</value>
      <footprint>Resistors_SMD:R_0603</footprint>
      <fields/>
      <libsource lib="device" part="R"/>
      <sheetpath names="/" tstamps="/"/>
      <tstamp>5AF2BF99</tstamp>
    </comp>
    <comp ref="D7">
      <value>LED</value>
      <footprint>LEDs:LED_0805</footprint>
      <fields/>
      <libsource lib="device" part="LED"/>
      <sheetpath names="/" tstamps="/"/>
      <tstamp>5AF2CD7F</tstamp>
    </comp>
    <comp ref="R56">
      <value>1K</value>
      <footprint>Resistors_SMD:R_0603</footprint>
      <fields>
        <field name="MFR">Vishay</field>
        <field name="MPN">CRCW06031K00FKTABC</field>
      </fields>
      <libsource lib="device" part="R"/>
      <sheetpath names="/" tstamps="/"/>
      <tstamp>5AF2CD85</tstamp>
    </comp>
    <comp ref="R57">
      <value>1K</value>
      <footprint>Resistors_SMD:R_0603</footprint>
      <fields/>
      <libsource lib="device" part="R"/>
      <sheetpath names="/" tstamps="/"/>
      <tstamp>5AF3708A</tstamp>
    </comp>
    <comp ref="R58">
      <value>1K</value>
      <footprint>Resistors_SMD:R_0603</footprint>
      <fields/>
      <libsource lib="device" part="R"/>
      <sheetpath names="/" tstamps="/"/>
      <tstamp>5AF373B7</tstamp>
    </comp>
    <comp ref="C34">
      <value>DNP</value>
      <footprint>Capacitors_SMD:C_0603</footprint>
      <fields/>
      <libsource lib="device" part="C"/>
      <sheetpath names="/" tstamps="/"/>
      <tstamp>5AF37D4E</tstamp>
    </comp>
    <comp ref="C35">
      <value>DNP</value>
      <footprint>Capacitors_SMD:C_0603</footprint>
      <fields/>
      <libsource lib="device" part="C"/>
      <sheetpath names="/" tstamps="/"/>
      <tstamp>5AF38A0D</tstamp>
    </comp>
    <comp ref="Q4">
      <value>Q_PMOS_GSD</value>
      <footprint>TO_SOT_Packages_SMD:SOT-23</footprint>
      <fields>
        <field name="MFR">ON Semiconductor</field>
        <field name="MPN">FDV304P</field>
      </fields>
      <libsource lib="device" part="Q_PMOS_GSD"/>
      <sheetpath names="/" tstamps="/"/>
      <tstamp>5AF48CF6</tstamp>
    </comp>
    <comp ref="Q2">
      <value>Q_PMOS_GSD</value>
      <footprint>TO_SOT_Packages_SMD:SOT-23</footprint>
      <fields>
        <field name="MPN">FDV304P</field>
      </fields>
      <libsource lib="device" part="Q_PMOS_GSD"/>
      <sheetpath names="/" tstamps="/"/>
      <tstamp>5AF556B6</tstamp>
    </comp>
    <comp ref="Q3">
      <value>Q_NMOS_GSD</value>
      <footprint>TO_SOT_Packages_SMD:SOT-23</footprint>
      <fields>
        <field name="MFR">ON Semiconductor</field>
        <field name="MPN">FDN339AN</field>
      </fields>
      <libsource lib="device" part="Q_PMOS_GSD"/>
      <sheetpath names="/" tstamps="/"/>
      <tstamp>5AF55C07</tstamp>
    </comp>
    <comp ref="R20">
      <value>1M</value>
      <footprint>Resistors_SMD:R_0603</footprint>
      <fields/>
      <libsource lib="device" part="R"/>
      <sheetpath names="/" tstamps="/"/>
      <tstamp>5AF56203</tstamp>
    </comp>
    <comp ref="R19">
      <value>1M</value>
      <footprint>Resistors_SMD:R_0603</footprint>
      <fields/>
      <libsource lib="device" part="R"/>
      <sheetpath names="/" tstamps="/"/>
      <tstamp>5AF563BD</tstamp>
    </comp>
    <comp ref="U5">
      <value>MIC5504-3.3YM5</value>
      <footprint>TO_SOT_Packages_SMD:SOT-23-5</footprint>
      <fields>
        <field name="MFR">Microchip</field>
        <field name="MPN">MIC5504-3.3YM5</field>
      </fields>
      <libsource lib="regul" part="MIC5504-3.3YM5"/>
      <sheetpath names="/" tstamps="/"/>
      <tstamp>5AF756CF</tstamp>
    </comp>
    <comp ref="C13">
      <value>1u</value>
      <footprint>Capacitors_SMD:C_0603</footprint>
      <fields/>
      <libsource lib="device" part="C"/>
      <sheetpath names="/" tstamps="/"/>
      <tstamp>5AF7607C</tstamp>
    </comp>
    <comp ref="C6">
      <value>1u</value>
      <footprint>Capacitors_SMD:C_0603</footprint>
      <fields/>
      <libsource lib="device" part="C"/>
      <sheetpath names="/" tstamps="/"/>
      <tstamp>5AF7622E</tstamp>
    </comp>
    <comp ref="U8">
      <value>MIC5504-3.3YM5</value>
      <footprint>TO_SOT_Packages_SMD:SOT-23-5</footprint>
      <fields>
        <field name="MFR">Microchip</field>
        <field name="MPN">MIC5504-3.3YM5</field>
      </fields>
      <libsource lib="regul" part="MIC5504-3.3YM5"/>
      <sheetpath names="/" tstamps="/"/>
      <tstamp>5AF7A975</tstamp>
    </comp>
    <comp ref="C33">
      <value>1u</value>
      <footprint>Capacitors_SMD:C_0603</footprint>
      <fields/>
      <libsource lib="device" part="C"/>
      <sheetpath names="/" tstamps="/"/>
      <tstamp>5AF7A988</tstamp>
    </comp>
    <comp ref="C20">
      <value>1u</value>
      <footprint>Capacitors_SMD:C_0603</footprint>
      <fields/>
      <libsource lib="device" part="C"/>
      <sheetpath names="/" tstamps="/"/>
      <tstamp>5AF7A98E</tstamp>
    </comp>
    <comp ref="U10">
      <value>MIC5504-3.3YM5</value>
      <footprint>TO_SOT_Packages_SMD:SOT-23-5</footprint>
      <fields>
        <field name="MFR">Microchip</field>
        <field name="MPN">MIC5504-3.3YM5</field>
      </fields>
      <libsource lib="regul" part="MIC5504-3.3YM5"/>
      <sheetpath names="/" tstamps="/"/>
      <tstamp>5AF7B314</tstamp>
    </comp>
    <comp ref="C39">
      <value>1u</value>
      <footprint>Capacitors_SMD:C_0603</footprint>
      <fields/>
      <libsource lib="device" part="C"/>
      <sheetpath names="/" tstamps="/"/>
      <tstamp>5AF7B326</tstamp>
    </comp>
    <comp ref="C38">
      <value>1u</value>
      <footprint>Capacitors_SMD:C_0603</footprint>
      <fields/>
      <libsource lib="device" part="C"/>
      <sheetpath names="/" tstamps="/"/>
      <tstamp>5AF7B32C</tstamp>
    </comp>
    <comp ref="Q1">
      <value>Q_NMOS_GSD</value>
      <footprint>TO_SOT_Packages_SMD:SOT-23</footprint>
      <fields>
        <field name="MFR">ON Semiconductor</field>
        <field name="MPN">FDN339AN</field>
      </fields>
      <libsource lib="device" part="Q_NMOS_GSD"/>
      <sheetpath names="/" tstamps="/"/>
      <tstamp>5AF7C6F7</tstamp>
    </comp>
    <comp ref="R21">
      <value>1M</value>
      <footprint>Resistors_SMD:R_0603</footprint>
      <fields/>
      <libsource lib="device" part="R"/>
      <sheetpath names="/" tstamps="/"/>
      <tstamp>5AF8262A</tstamp>
    </comp>
    <comp ref="D1">
      <value>D_Schottky</value>
      <footprint>Zelkova:SMA_Standard</footprint>
      <libsource lib="device" part="D_Schottky"/>
      <sheetpath names="/" tstamps="/"/>
      <tstamp>5AF9332E</tstamp>
    </comp>
    <comp ref="C37">
      <value>1u</value>
      <footprint>Capacitors_SMD:C_0603</footprint>
      <fields/>
      <libsource lib="device" part="C"/>
      <sheetpath names="/" tstamps="/"/>
      <tstamp>5AF9838B</tstamp>
    </comp>
    <comp ref="C36">
      <value>1u</value>
      <footprint>Capacitors_SMD:C_0603</footprint>
      <fields/>
      <libsource lib="device" part="C"/>
      <sheetpath names="/" tstamps="/"/>
      <tstamp>5AF98391</tstamp>
    </comp>
    <comp ref="R10">
      <value>1M</value>
      <footprint>Resistors_SMD:R_0603</footprint>
      <fields/>
      <libsource lib="device" part="R"/>
      <sheetpath names="/" tstamps="/"/>
      <tstamp>5AF9C617</tstamp>
    </comp>
    <comp ref="R14">
      <value>1</value>
      <footprint>Resistors_SMD:R_0603</footprint>
      <libsource lib="device" part="R"/>
      <sheetpath names="/" tstamps="/"/>
      <tstamp>5AF1B730</tstamp>
    </comp>
    <comp ref="D2">
      <value>LED</value>
      <footprint>LEDs:LED_0805</footprint>
      <fields>
        <field name="MFR">LiteON</field>
        <field name="MPN">LTST-C170EKT</field>
      </fields>
      <libsource lib="device" part="LED"/>
      <sheetpath names="/" tstamps="/"/>
      <tstamp>5AF25B64</tstamp>
    </comp>
    <comp ref="R11">
      <value>1K</value>
      <footprint>Resistors_SMD:R_0603</footprint>
      <fields>
        <field name="MFR">Vishay</field>
        <field name="MPN">CRCW06031K00FKTABC</field>
      </fields>
      <libsource lib="device" part="R"/>
      <sheetpath names="/" tstamps="/"/>
      <tstamp>5AF25B6A</tstamp>
    </comp>
    <comp ref="R2">
      <value>100K</value>
      <footprint>Resistors_SMD:R_0603</footprint>
      <fields/>
      <libsource lib="device" part="R"/>
      <sheetpath names="/" tstamps="/"/>
      <tstamp>5AECE260</tstamp>
    </comp>
    <comp ref="U9">
      <value>MIC5504-3.3YM5</value>
      <footprint>TO_SOT_Packages_SMD:SOT-23-5</footprint>
      <fields>
        <field name="MFR">Microchip</field>
        <field name="MPN">MIC5504-3.3YM5</field>
      </fields>
      <libsource lib="regul" part="MIC5504-3.3YM5"/>
      <sheetpath names="/" tstamps="/"/>
      <tstamp>5AF98378</tstamp>
    </comp>
    <comp ref="R1">
      <value>DNP</value>
      <footprint>Resistors_SMD:R_0603</footprint>
      <fields/>
      <libsource lib="device" part="R"/>
      <sheetpath names="/" tstamps="/"/>
      <tstamp>5AF202C9</tstamp>
    </comp>
    <comp ref="R50">
      <value>100K</value>
      <footprint>Resistors_SMD:R_0603</footprint>
      <fields/>
      <libsource lib="device" part="R"/>
      <sheetpath names="/" tstamps="/"/>
      <tstamp>5AEF04C7</tstamp>
    </comp>
    <comp ref="R49">
      <value>100K</value>
      <footprint>Resistors_SMD:R_0603</footprint>
      <fields/>
      <libsource lib="device" part="R"/>
      <sheetpath names="/" tstamps="/"/>
      <tstamp>5AEF04C1</tstamp>
    </comp>
    <comp ref="R48">
      <value>100K</value>
      <footprint>Resistors_SMD:R_0603</footprint>
      <fields/>
      <libsource lib="device" part="R"/>
      <sheetpath names="/" tstamps="/"/>
      <tstamp>5AF0AE4D</tstamp>
    </comp>
    <comp ref="D3">
      <value>LED</value>
      <footprint>LEDs:LED_0805</footprint>
      <fields>
        <field name="MFR">LiteON</field>
        <field name="MPN">LTST-C170EKT </field>
      </fields>
      <libsource lib="device" part="LED"/>
      <sheetpath names="/" tstamps="/"/>
      <tstamp>5AF40D06</tstamp>
    </comp>
    <comp ref="R3">
      <value>1K</value>
      <footprint>Resistors_SMD:R_0603</footprint>
      <fields>
        <field name="MFR">Vishay</field>
        <field name="MPN">CRCW06031K00FKTABC</field>
      </fields>
      <libsource lib="device" part="R"/>
      <sheetpath names="/" tstamps="/"/>
      <tstamp>5AF410EE</tstamp>
    </comp>
    <comp ref="U11">
      <value>AH9250</value>
      <footprint>TO_SOT_Packages_THT:TO-92_Inline_Narrow_Oval</footprint>
      <datasheet>https://www.diodes.com/assets/Datasheets/AH9250.pdf</datasheet>
      <fields>
        <field name="MPN">AH9250</field>
        <field name="Manuf">Diodes</field>
        <field name="BOM">Diodes AH9250</field>
      </fields>
      <libsource lib="AH9250" part="AH9250"/>
      <sheetpath names="/" tstamps="/"/>
      <tstamp>5AF4C124</tstamp>
    </comp>
    <comp ref="D5">
      <value>LED</value>
      <footprint>LEDs:LED-3MM</footprint>
      <fields/>
      <libsource lib="device" part="LED"/>
      <sheetpath names="/" tstamps="/"/>
      <tstamp>5AF4D033</tstamp>
    </comp>
    <comp ref="D4">
      <value>LED</value>
      <footprint>LEDs:LED-3MM</footprint>
      <fields/>
      <libsource lib="device" part="LED"/>
      <sheetpath names="/" tstamps="/"/>
      <tstamp>5AF56A5C</tstamp>
    </comp>
    <comp ref="D8">
      <value>LED</value>
      <footprint>LEDs:LED-3MM</footprint>
      <fields/>
      <libsource lib="device" part="LED"/>
      <sheetpath names="/" tstamps="/"/>
      <tstamp>5AF57829</tstamp>
    </comp>
    <comp ref="J1">
      <value>Conn_01x01</value>
      <footprint>Mounting_Holes:MountingHole_3.2mm_M3_Pad_Via</footprint>
      <fields/>
      <libsource lib="conn" part="Conn_01x01"/>
      <sheetpath names="/" tstamps="/"/>
      <tstamp>5AF5B493</tstamp>
    </comp>
    <comp ref="J7">
      <value>Conn_01x01</value>
      <footprint>Mounting_Holes:MountingHole_3.2mm_M3_Pad_Via</footprint>
      <fields/>
      <libsource lib="conn" part="Conn_01x01"/>
      <sheetpath names="/" tstamps="/"/>
      <tstamp>5AF5B597</tstamp>
    </comp>
    <comp ref="C10">
      <value>DNP</value>
      <footprint>Capacitors_SMD:C_0603</footprint>
      <fields/>
      <libsource lib="device" part="C"/>
      <sheetpath names="/" tstamps="/"/>
      <tstamp>5AF3F343</tstamp>
    </comp>
    <comp ref="C16">
      <value>DNP</value>
      <footprint>Capacitors_SMD:C_0603</footprint>
      <fields/>
      <libsource lib="device" part="C"/>
      <sheetpath names="/" tstamps="/"/>
      <tstamp>5AF3FD3D</tstamp>
    </comp>
    <comp ref="C21">
      <value>DNP</value>
      <footprint>Capacitors_SMD:C_0603</footprint>
      <fields/>
      <libsource lib="device" part="C"/>
      <sheetpath names="/" tstamps="/"/>
      <tstamp>5AF407C5</tstamp>
    </comp>
    <comp ref="RN2">
      <value>100</value>
      <footprint>Resistors_SMD:R_Array_Convex_4x0603</footprint>
      <fields>
        <field name="MFR">Yageo</field>
        <field name="MPN">YC164-JR-07100R</field>
      </fields>
      <libsource lib="device" part="R_Pack04"/>
      <sheetpath names="/" tstamps="/"/>
      <tstamp>5AF43DFD</tstamp>
    </comp>
    <comp ref="RN1">
      <value>100</value>
      <footprint>Resistors_SMD:R_Array_Convex_4x0603</footprint>
      <libsource lib="device" part="R_Pack04"/>
      <sheetpath names="/" tstamps="/"/>
      <tstamp>5AF4790C</tstamp>
    </comp>
    <comp ref="RN3">
      <value>100</value>
      <footprint>Resistors_SMD:R_Array_Convex_4x0603</footprint>
      <libsource lib="device" part="R_Pack04"/>
      <sheetpath names="/" tstamps="/"/>
      <tstamp>5AF47B08</tstamp>
    </comp>
    <comp ref="RN4">
      <value>100</value>
      <footprint>Resistors_SMD:R_Array_Convex_4x0603</footprint>
      <libsource lib="device" part="R_Pack04"/>
      <sheetpath names="/" tstamps="/"/>
      <tstamp>5AF48159</tstamp>
    </comp>
    <comp ref="J12">
      <value>Conn_Coaxial</value>
      <footprint>Zelkova:U.FL-COAX</footprint>
      <libsource lib="conn" part="Conn_Coaxial"/>
      <sheetpath names="/" tstamps="/"/>
      <tstamp>5AF57DCF</tstamp>
    </comp>
    <comp ref="J6">
      <value>Conn_01x04</value>
      <footprint>Zelkova:1-2834021-4-dual</footprint>
      <libsource lib="conn" part="Conn_01x04"/>
      <sheetpath names="/" tstamps="/"/>
      <tstamp>5AF5C220</tstamp>
    </comp>
    <comp ref="J3">
      <value>Conn_01x04</value>
      <footprint>Zelkova:1-2834021-4-dual</footprint>
      <libsource lib="conn" part="Conn_01x04"/>
      <sheetpath names="/" tstamps="/"/>
      <tstamp>5AF5F333</tstamp>
    </comp>
    <comp ref="J4">
      <value>Conn_01x04</value>
      <footprint>Zelkova:1-2834021-4-dual</footprint>
      <libsource lib="conn" part="Conn_01x04"/>
      <sheetpath names="/" tstamps="/"/>
      <tstamp>5AF5F9EA</tstamp>
    </comp>
    <comp ref="G1">
      <value>LOGO</value>
      <footprint>Zelkova:Zelkova-logo</footprint>
      <libsource lib="Zelkova-logo" part="LOGO"/>
      <sheetpath names="/" tstamps="/"/>
      <tstamp>5AF6DBC2</tstamp>
    </comp>
    <comp ref="J14">
      <value>TEST_GND</value>
      <footprint>Pin_Headers:Pin_Header_Straight_1x02_Pitch2.54mm</footprint>
      <libsource lib="conn" part="TEST_2P"/>
      <sheetpath names="/" tstamps="/"/>
      <tstamp>5AF70C03</tstamp>
    </comp>
    <comp ref="J15">
      <value>TEST_VCELL</value>
      <footprint>Pin_Headers:Pin_Header_Straight_1x02_Pitch2.54mm</footprint>
      <libsource lib="conn" part="TEST_2P"/>
      <sheetpath names="/" tstamps="/"/>
      <tstamp>5AF711C5</tstamp>
    </comp>
    <comp ref="J17">
      <value>TEST_SUN_EN</value>
      <footprint>Pin_Headers:Pin_Header_Straight_1x01_Pitch2.54mm</footprint>
      <libsource lib="conn" part="TEST_1P"/>
      <sheetpath names="/" tstamps="/"/>
      <tstamp>5AF76FB3</tstamp>
    </comp>
    <comp ref="D9">
      <value>4V7</value>
      <footprint>Diodes_ThroughHole:D_DO-41_SOD81_P5.08mm_Vertical_KathodeUp</footprint>
      <fields>
        <field name="MPN">1N5917B</field>
      </fields>
      <libsource lib="device" part="D_Zener"/>
      <sheetpath names="/" tstamps="/"/>
      <tstamp>5AF77CD7</tstamp>
    </comp>
    <comp ref="J18">
      <value>Conn_01x01</value>
      <footprint>Fiducials:Fiducial_1mm_Dia_2mm_Outer</footprint>
      <libsource lib="conn" part="Conn_01x01"/>
      <sheetpath names="/" tstamps="/"/>
      <tstamp>5AF7E206</tstamp>
    </comp>
    <comp ref="J19">
      <value>Conn_01x01</value>
      <footprint>Fiducials:Fiducial_1mm_Dia_2mm_Outer</footprint>
      <libsource lib="conn" part="Conn_01x01"/>
      <sheetpath names="/" tstamps="/"/>
      <tstamp>5AF7EAFE</tstamp>
    </comp>
    <comp ref="J20">
      <value>Conn_01x01</value>
      <footprint>Fiducials:Fiducial_1mm_Dia_2mm_Outer</footprint>
      <libsource lib="conn" part="Conn_01x01"/>
      <sheetpath names="/" tstamps="/"/>
      <tstamp>5AF7EC21</tstamp>
    </comp>
    <comp ref="J21">
      <value>Conn_01x01</value>
      <footprint>Fiducials:Fiducial_1mm_Dia_2mm_Outer</footprint>
      <libsource lib="conn" part="Conn_01x01"/>
      <sheetpath names="/" tstamps="/"/>
      <tstamp>5AF7EC28</tstamp>
    </comp>
    <comp ref="J22">
      <value>Conn_01x01</value>
      <footprint>Fiducials:Fiducial_1mm_Dia_2mm_Outer</footprint>
      <libsource lib="conn" part="Conn_01x01"/>
      <sheetpath names="/" tstamps="/"/>
      <tstamp>5AF7ED3B</tstamp>
    </comp>
    <comp ref="J23">
      <value>Conn_01x01</value>
      <footprint>Fiducials:Fiducial_1mm_Dia_2mm_Outer</footprint>
      <libsource lib="conn" part="Conn_01x01"/>
      <sheetpath names="/" tstamps="/"/>
      <tstamp>5AF7ED42</tstamp>
    </comp>
  </components>
  <libparts>
    <libpart lib="AH9250" part="AH9250">
      <description>High sensitivity Hall effect switch with internal pull-up </description>
      <footprints>
        <fp>TO-92*</fp>
        <fp>TO92*</fp>
        <fp>SC59</fp>
        <fp>SOT-23</fp>
        <fp>SOT23</fp>
      </footprints>
      <fields>
        <field name="Reference">U</field>
        <field name="Value">AH9250</field>
        <field name="Datasheet">https://www.diodes.com/assets/Datasheets/AH9250.pdf</field>
        <field name="MPN">AH9250</field>
        <field name="Manuf">Diodes</field>
        <field name="BOM">Diodes AH9250</field>
      </fields>
      <pins>
        <pin num="1" name="VDD" type="power_in"/>
        <pin num="2" name="OUT" type="output"/>
        <pin num="3" name="GND" type="power_in"/>
      </pins>
    </libpart>
    <libpart lib="device" part="Battery_Cell">
      <description>single battery cell</description>
      <fields>
        <field name="Reference">BT</field>
        <field name="Value">Battery_Cell</field>
      </fields>
      <pins>
        <pin num="1" name="+" type="passive"/>
        <pin num="2" name="-" type="passive"/>
      </pins>
    </libpart>
    <libpart lib="device" part="C">
      <description>Unpolarized capacitor</description>
      <footprints>
        <fp>C_*</fp>
      </footprints>
      <fields>
        <field name="Reference">C</field>
        <field name="Value">C</field>
      </fields>
      <pins>
        <pin num="1" name="~" type="passive"/>
        <pin num="2" name="~" type="passive"/>
      </pins>
    </libpart>
    <libpart lib="conn" part="Conn_01x01">
      <description>Generic connector, single row, 01x01</description>
      <docs>~</docs>
      <footprints>
        <fp>Connector*:*_??x*mm*</fp>
        <fp>Connector*:*1x??x*mm*</fp>
        <fp>Pin?Header?Straight?1X*</fp>
        <fp>Pin?Header?Angled?1X*</fp>
        <fp>Socket?Strip?Straight?1X*</fp>
        <fp>Socket?Strip?Angled?1X*</fp>
      </footprints>
      <fields>
        <field name="Reference">J</field>
        <field name="Value">Conn_01x01</field>
      </fields>
      <pins>
        <pin num="1" name="Pin_1" type="passive"/>
      </pins>
    </libpart>
    <libpart lib="conn" part="Conn_01x02">
      <description>Generic connector, single row, 01x02</description>
      <docs>~</docs>
      <footprints>
        <fp>Connector*:*_??x*mm*</fp>
        <fp>Connector*:*1x??x*mm*</fp>
        <fp>Pin?Header?Straight?1X*</fp>
        <fp>Pin?Header?Angled?1X*</fp>
        <fp>Socket?Strip?Straight?1X*</fp>
        <fp>Socket?Strip?Angled?1X*</fp>
      </footprints>
      <fields>
        <field name="Reference">J</field>
        <field name="Value">Conn_01x02</field>
      </fields>
      <pins>
        <pin num="1" name="Pin_1" type="passive"/>
        <pin num="2" name="Pin_2" type="passive"/>
      </pins>
    </libpart>
    <libpart lib="conn" part="Conn_01x04">
      <description>Generic connector, single row, 01x04</description>
      <docs>~</docs>
      <footprints>
        <fp>Connector*:*_??x*mm*</fp>
        <fp>Connector*:*1x??x*mm*</fp>
        <fp>Pin?Header?Straight?1X*</fp>
        <fp>Pin?Header?Angled?1X*</fp>
        <fp>Socket?Strip?Straight?1X*</fp>
        <fp>Socket?Strip?Angled?1X*</fp>
      </footprints>
      <fields>
        <field name="Reference">J</field>
        <field name="Value">Conn_01x04</field>
      </fields>
      <pins>
        <pin num="1" name="Pin_1" type="passive"/>
        <pin num="2" name="Pin_2" type="passive"/>
        <pin num="3" name="Pin_3" type="passive"/>
        <pin num="4" name="Pin_4" type="passive"/>
      </pins>
    </libpart>
    <libpart lib="conn" part="Conn_Coaxial">
      <description>coaxial connector (BNC, SMA, SMB, SMC, Cinch/RCA, ...)</description>
      <footprints>
        <fp>*BNC*</fp>
        <fp>*SMA*</fp>
        <fp>*SMB*</fp>
        <fp>*SMC*</fp>
        <fp>*Cinch*</fp>
      </footprints>
      <fields>
        <field name="Reference">J</field>
        <field name="Value">Conn_Coaxial</field>
      </fields>
      <pins>
        <pin num="1" name="In" type="passive"/>
        <pin num="2" name="Ext" type="passive"/>
      </pins>
    </libpart>
    <libpart lib="device" part="D_Schottky">
      <description>Schottky diode</description>
      <footprints>
        <fp>TO-???*</fp>
        <fp>*SingleDiode</fp>
        <fp>*_Diode_*</fp>
        <fp>*SingleDiode*</fp>
        <fp>D_*</fp>
      </footprints>
      <fields>
        <field name="Reference">D</field>
        <field name="Value">D_Schottky</field>
      </fields>
      <pins>
        <pin num="1" name="K" type="passive"/>
        <pin num="2" name="A" type="passive"/>
      </pins>
    </libpart>
    <libpart lib="device" part="D_Zener">
      <description>Zener Diode</description>
      <docs>https://en.wikipedia.org/wiki/Zener_diode</docs>
      <footprints>
        <fp>TO-???*</fp>
        <fp>*SingleDiode</fp>
        <fp>*_Diode_*</fp>
        <fp>*SingleDiode*</fp>
        <fp>D_*</fp>
      </footprints>
      <fields>
        <field name="Reference">D</field>
        <field name="Value">D_Zener</field>
      </fields>
      <pins>
        <pin num="1" name="K" type="passive"/>
        <pin num="2" name="A" type="passive"/>
      </pins>
    </libpart>
    <libpart lib="ESP8266" part="ESP-01v090">
      <description>ESP8266 ESP-01 module, v090</description>
      <docs>http://l0l.org.uk/2014/12/esp8266-modules-hardware-guide-gotta-catch-em-all/</docs>
      <footprints>
        <fp>ESP-01*</fp>
      </footprints>
      <fields>
        <field name="Reference">U</field>
        <field name="Value">ESP-01v090</field>
      </fields>
      <pins>
        <pin num="1" name="UTXD" type="output"/>
        <pin num="2" name="GND" type="power_in"/>
        <pin num="3" name="CH_PD" type="input"/>
        <pin num="4" name="GPIO2" type="3state"/>
        <pin num="5" name="RST" type="input"/>
        <pin num="6" name="GPIO0" type="3state"/>
        <pin num="7" name="VCC" type="power_in"/>
        <pin num="8" name="URXD" type="input"/>
      </pins>
    </libpart>
    <libpart lib="ESP8266" part="ESP-13-WROOM-02">
      <footprints>
        <fp>ESP-13*</fp>
      </footprints>
      <fields>
        <field name="Reference">U</field>
        <field name="Value">ESP-13-WROOM-02</field>
      </fields>
      <pins>
        <pin num="1" name="VCC" type="input"/>
        <pin num="2" name="EN" type="passive"/>
        <pin num="3" name="GPIO14" type="input"/>
        <pin num="4" name="GPIO12" type="BiDi"/>
        <pin num="5" name="GPIO13" type="BiDi"/>
        <pin num="6" name="GPIO15" type="BiDi"/>
        <pin num="7" name="GPIO2" type="BiDi"/>
        <pin num="8" name="GPIO0" type="BiDi"/>
        <pin num="9" name="GND" type="power_in"/>
        <pin num="10" name="GPIO4" type="BiDi"/>
        <pin num="11" name="RXD" type="BiDi"/>
        <pin num="12" name="TXD" type="BiDi"/>
        <pin num="13" name="GND" type="power_in"/>
        <pin num="14" name="GPIO5" type="BiDi"/>
        <pin num="15" name="RST" type="input"/>
        <pin num="16" name="TOUT" type="output"/>
        <pin num="17" name="GPIO16" type="BiDi"/>
        <pin num="18" name="GND" type="power_in"/>
        <pin num="PAD" name="GND" type="power_in"/>
      </pins>
    </libpart>
    <libpart lib="device" part="L">
      <description>Inductor</description>
      <footprints>
        <fp>Choke_*</fp>
        <fp>*Coil*</fp>
        <fp>Inductor_*</fp>
        <fp>L_*</fp>
      </footprints>
      <fields>
        <field name="Reference">L</field>
        <field name="Value">L</field>
      </fields>
      <pins>
        <pin num="1" name="1" type="passive"/>
        <pin num="2" name="2" type="passive"/>
      </pins>
    </libpart>
    <libpart lib="device" part="LED">
      <description>LED generic</description>
      <docs>~</docs>
      <footprints>
        <fp>LED*</fp>
      </footprints>
      <fields>
        <field name="Reference">D</field>
        <field name="Value">LED</field>
      </fields>
      <pins>
        <pin num="1" name="K" type="passive"/>
        <pin num="2" name="A" type="passive"/>
      </pins>
    </libpart>
    <libpart lib="Zelkova-logo" part="LOGO">
      <fields>
        <field name="Reference">#G</field>
        <field name="Value">LOGO</field>
      </fields>
    </libpart>
    <libpart lib="regul" part="MIC5504-3.3YM5">
      <aliases>
        <alias>MIC5504-2.8YM5</alias>
        <alias>MIC5504-2.5YM5</alias>
        <alias>MIC5504-1.8YM5</alias>
        <alias>MIC5504-1.2YM5</alias>
        <alias>MIC5501-3.0YM5</alias>
      </aliases>
      <description>300mA Low-dropout Voltage Regulator, Vout 3.3V, Vin up to 5.5V, SOT-23</description>
      <docs>http://ww1.microchip.com/downloads/en/DeviceDoc/MIC550X.pdf</docs>
      <footprints>
        <fp>SOT?23?5*</fp>
      </footprints>
      <fields>
        <field name="Reference">U</field>
        <field name="Value">MIC5504-3.3YM5</field>
        <field name="Footprint">Package_TO_SOT_SMD:SOT-23-5</field>
      </fields>
      <pins>
        <pin num="1" name="VIN" type="power_in"/>
        <pin num="2" name="GND" type="power_in"/>
        <pin num="3" name="EN" type="input"/>
        <pin num="4" name="NC" type="NotConnected"/>
        <pin num="5" name="VOUT" type="power_out"/>
      </pins>
    </libpart>
    <libpart lib="device" part="Q_NMOS_GSD">
      <description>Transistor N-MOSFETwith substrate diode (general)</description>
      <fields>
        <field name="Reference">Q</field>
        <field name="Value">Q_NMOS_GSD</field>
      </fields>
      <pins>
        <pin num="1" name="G" type="input"/>
        <pin num="2" name="S" type="passive"/>
        <pin num="3" name="D" type="passive"/>
      </pins>
    </libpart>
    <libpart lib="device" part="Q_PMOS_GSD">
      <description>Transistor P-MOSFET with substrate diode (general)</description>
      <fields>
        <field name="Reference">Q</field>
        <field name="Value">Q_PMOS_GSD</field>
      </fields>
      <pins>
        <pin num="1" name="G" type="input"/>
        <pin num="2" name="S" type="passive"/>
        <pin num="3" name="D" type="passive"/>
      </pins>
    </libpart>
    <libpart lib="device" part="R">
      <description>Resistor</description>
      <footprints>
        <fp>R_*</fp>
        <fp>R_*</fp>
      </footprints>
      <fields>
        <field name="Reference">R</field>
        <field name="Value">R</field>
      </fields>
      <pins>
        <pin num="1" name="~" type="passive"/>
        <pin num="2" name="~" type="passive"/>
      </pins>
    </libpart>
    <libpart lib="HopeRF" part="RFM96">
      <description>RFM95/96/97/98(W) - Low Power Long Range Transceiver Module</description>
      <docs>http://www.hoperf.com/upload/rf/RFM95_96_97_98W.pdf</docs>
      <fields>
        <field name="Reference">U</field>
        <field name="Value">RFM96</field>
        <field name="Footprint">Footprint</field>
        <field name="Datasheet">http://www.hoperf.com/upload/rf/RFM95_96_97_98W.pdf</field>
        <field name="MPN">RFM96</field>
        <field name="Manuf">HOPERF</field>
        <field name="BOM">HopeRF RFM96</field>
      </fields>
      <pins>
        <pin num="1" name="GND" type="power_in"/>
        <pin num="2" name="MISO" type="output"/>
        <pin num="3" name="MOSI" type="input"/>
        <pin num="4" name="SCK" type="input"/>
        <pin num="5" name="~SS" type="input"/>
        <pin num="6" name="RESET" type="input"/>
        <pin num="7" name="DIO5" type="BiDi"/>
        <pin num="8" name="GND" type="power_in"/>
        <pin num="9" name="ANT" type="output"/>
        <pin num="10" name="GND" type="power_in"/>
        <pin num="11" name="DIO3" type="BiDi"/>
        <pin num="12" name="DIO4" type="BiDi"/>
        <pin num="13" name="3V3" type="power_in"/>
        <pin num="14" name="DIO0" type="BiDi"/>
        <pin num="15" name="DIO1" type="BiDi"/>
        <pin num="16" name="DIO2" type="BiDi"/>
      </pins>
    </libpart>
    <libpart lib="device" part="R_Pack04">
      <description>4 Resistor network, parallel topology, DIP package</description>
      <footprints>
        <fp>DIP*</fp>
        <fp>SOIC*</fp>
      </footprints>
      <fields>
        <field name="Reference">RN</field>
        <field name="Value">R_Pack04</field>
      </fields>
      <pins>
        <pin num="1" name="R1.1" type="passive"/>
        <pin num="2" name="R2.1" type="passive"/>
        <pin num="3" name="R3.1" type="passive"/>
        <pin num="4" name="R4.1" type="passive"/>
        <pin num="5" name="R4.2" type="passive"/>
        <pin num="6" name="R3.2" type="passive"/>
        <pin num="7" name="R2.2" type="passive"/>
        <pin num="8" name="R1.2" type="passive"/>
      </pins>
    </libpart>
    <libpart lib="BluePill" part="STM32F103_BluePill">
      <description>STM32F103 Blue Pill</description>
      <docs>http://www.st.com/st-web-ui/static/active/en/resource/technical/document/datasheet/CD00161566.pdf</docs>
      <fields>
        <field name="Reference">U</field>
        <field name="Value">STM32F103_BluePill</field>
        <field name="Footprint">Footprint</field>
      </fields>
      <pins>
        <pin num="1" name="PB12/I2C2_SMBA/SPI2_NSS/TIM1_BKIN/USART3_CK" type="BiDi"/>
        <pin num="2" name="PB13/SPI2_SCK/TIM1_CH1N/USART3_CTS" type="BiDi"/>
        <pin num="3" name="PB14/SPI2_MISO/TIM1_CH2N/USART3_RTS" type="BiDi"/>
        <pin num="4" name="PB15/ADC1_EXTI15/ADC2_EXTI15/SPI2_MOSI/TIM1_CH3N" type="BiDi"/>
        <pin num="5" name="RCC_MCO/TIM1_CH1/USART1_CK/PA8" type="BiDi"/>
        <pin num="6" name="TIM1_CH2/USART1_TX/PA9" type="BiDi"/>
        <pin num="7" name="TIM1_CH3/USART1_RX/PA10" type="BiDi"/>
        <pin num="8" name="ADC1_EXTI11/ADC2_EXTI11/CAN_RX/TIM1_CH4/USART1_CTS/USB_DM/PA11" type="BiDi"/>
        <pin num="9" name="CAN_TX/TIM1_ETR/USART1_RTS/USB_DP/PA12" type="BiDi"/>
        <pin num="10" name="ADC1_EXTI15/ADC2_EXTI15/SPI1_NSS/SYS_JTDI/TIM2_CH1/TIM2_ETR/PA15" type="BiDi"/>
        <pin num="11" name="PB3/SPI1_SCK/SYS_JTDO-TRACESWO/TIM2_CH2" type="BiDi"/>
        <pin num="12" name="PB4/SPI1_MISO/SYS_NJTRST/TIM3_CH1" type="BiDi"/>
        <pin num="13" name="PB5/I2C1_SMBA/SPI1_MOSI/TIM3_CH2" type="BiDi"/>
        <pin num="14" name="PB6/I2C1_SCL/TIM4_CH1/USART1_TX" type="BiDi"/>
        <pin num="15" name="PB7/I2C1_SDA/TIM4_CH2/USART1_RX" type="BiDi"/>
        <pin num="16" name="PB8/CAN_RX/I2C1_SCL/TIM4_CH3" type="BiDi"/>
        <pin num="17" name="PB9/CAN_TX/I2C1_SDA/TIM4_CH4" type="BiDi"/>
        <pin num="18" name="5V" type="power_in"/>
        <pin num="19" name="GND" type="power_in"/>
        <pin num="20" name="3V3" type="power_in"/>
        <pin num="21" name="VBAT" type="power_in"/>
        <pin num="22" name="PC13/RTC_OUT/RTC_TAMPER" type="BiDi"/>
        <pin num="23" name="PC14/RCC_OSC32_IN" type="BiDi"/>
        <pin num="24" name="PC15/ADC1_EXTI15/ADC2_EXTI15/RCC_OSC32_OUT" type="BiDi"/>
        <pin num="25" name="ADC1_IN0/ADC2_IN0/SYS_WKUP/TIM2_CH1/TIM2_ETR/USART2_CTS/PA0" type="BiDi"/>
        <pin num="26" name="ADC1_IN1/ADC2_IN1/TIM2_CH2/USART2_RTS/PA1" type="BiDi"/>
        <pin num="27" name="ADC1_IN2/ADC2_IN2/TIM2_CH3/USART2_TX/PA2" type="BiDi"/>
        <pin num="28" name="ADC1_IN3/ADC2_IN3/TIM2_CH4/USART2_RX/PA3" type="BiDi"/>
        <pin num="29" name="ADC1_IN4/ADC2_IN4/SPI1_NSS/USART2_CK/PA4" type="BiDi"/>
        <pin num="30" name="ADC1_IN5/ADC2_IN5/SPI1_SCK/PA5" type="BiDi"/>
        <pin num="31" name="ADC1_IN6/ADC2_IN6/SPI1_MISO/TIM1_BKIN/TIM3_CH1/PA6" type="BiDi"/>
        <pin num="32" name="ADC1_IN7/ADC2_IN7/SPI1_MOSI/TIM1_CH1N/TIM3_CH2/PA7" type="BiDi"/>
        <pin num="33" name="PB0/ADC1_IN8/ADC2_IN8/TIM1_CH2N/TIM3_CH3" type="BiDi"/>
        <pin num="34" name="PB1/ADC1_IN9/ADC2_IN9/TIM1_CH3N/TIM3_CH4" type="BiDi"/>
        <pin num="35" name="PB10/I2C2_SCL/TIM2_CH3/USART3_TX" type="BiDi"/>
        <pin num="36" name="PB11/ADC1_EXTI11/ADC2_EXTI11/I2C2_SDA/TIM2_CH4/USART3_RX" type="BiDi"/>
        <pin num="37" name="NRST" type="input"/>
        <pin num="38" name="3V3" type="power_in"/>
        <pin num="39" name="GND" type="power_in"/>
        <pin num="40" name="GND" type="power_in"/>
      </pins>
    </libpart>
    <libpart lib="conn" part="TEST_1P">
      <description>point</description>
      <fields>
        <field name="Reference">J</field>
        <field name="Value">TEST_1P</field>
      </fields>
      <pins>
        <pin num="1" name="1" type="passive"/>
      </pins>
    </libpart>
    <libpart lib="conn" part="TEST_2P">
      <description>point</description>
      <fields>
        <field name="Reference">J</field>
        <field name="Value">TEST_2P</field>
      </fields>
      <pins>
        <pin num="1" name="1" type="passive"/>
        <pin num="2" name="2" type="passive"/>
      </pins>
    </libpart>
    <libpart lib="Winbond" part="W25Q16JVSNIQ">
      <description>Mem Flash 8Mb SPI/DualSPI/QuadSPI 133MHz [SOIC-8]</description>
      <fields>
        <field name="Reference">U</field>
        <field name="Value">W25Q16JVSNIQ</field>
        <field name="Footprint">IPC7351-Nominal:SOIC127P600X175-8</field>
        <field name="Datasheet">https://www.winbond.com/resource-files/w25q16jv%20spi%20revd%2008122016.pdf</field>
        <field name="MPN">W25Q16JVSNIQ</field>
        <field name="Manuf">Winbond</field>
        <field name="BOM">Winbond W25Q16JVSNIQ</field>
      </fields>
      <pins>
        <pin num="1" name="~CS" type="input"/>
        <pin num="2" name="DOUT/DQ1" type="BiDi"/>
        <pin num="3" name="DQ2" type="input"/>
        <pin num="4" name="GND" type="power_in"/>
        <pin num="5" name="DIN/DQ0" type="BiDi"/>
        <pin num="6" name="CLK" type="input"/>
        <pin num="7" name="DQ3" type="input"/>
        <pin num="8" name="V+" type="power_in"/>
      </pins>
    </libpart>
  </libparts>
  <libraries>
    <library logical="regul">
      <uri>/Library/Application Support/kicad/library/regul.lib</uri>
    </library>
    <library logical="device">
      <uri>/Library/Application Support/kicad/library/device.lib</uri>
    </library>
    <library logical="conn">
      <uri>/Library/Application Support/kicad/library/conn.lib</uri>
    </library>
    <library logical="Winbond">
      <uri>/Users/david/Documents/Nut &amp; Bolt/Projecten/zelkova/hardware/Zelkova-PCB/Winbond.lib</uri>
    </library>
    <library logical="HopeRF">
      <uri>/Users/david/Documents/Nut &amp; Bolt/Projecten/zelkova/hardware/Zelkova-PCB/HopeRF.lib</uri>
    </library>
    <library logical="AH9250">
      <uri>/Users/david/Documents/Nut &amp; Bolt/Projecten/zelkova/hardware/Zelkova-PCB/AH9250.lib</uri>
    </library>
    <library logical="Zelkova-logo">
      <uri>/Users/david/Documents/Nut &amp; Bolt/Projecten/zelkova/hardware/Zelkova-PCB/Zelkova-logo.lib</uri>
    </library>
    <library logical="BluePill">
      <uri>/Users/david/Documents/Nut &amp; Bolt/Projecten/zelkova/hardware/Zelkova-PCB/BluePill.lib</uri>
    </library>
    <library logical="ESP8266">
      <uri>/Users/david/Documents/Nut &amp; Bolt/Projecten/zelkova/hardware/Zelkova-PCB/ESP8266.lib</uri>
    </library>
  </libraries>
  <nets>
    <net code="1" name="Net-(C35-Pad1)">
      <node ref="U6" pin="8"/>
      <node ref="C35" pin="1"/>
      <node ref="R58" pin="1"/>
    </net>
    <net code="2" name="Net-(R56-Pad1)">
      <node ref="U7" pin="7"/>
      <node ref="R56" pin="1"/>
      <node ref="U6" pin="4"/>
    </net>
    <net code="3" name="Net-(U6-Pad6)">
      <node ref="U6" pin="6"/>
      <node ref="U7" pin="8"/>
    </net>
    <net code="4" name="SOIL2_ENABLE">
      <node ref="U5" pin="3"/>
      <node ref="U1" pin="33"/>
    </net>
    <net code="5" name="Net-(Q2-Pad3)">
      <node ref="Q2" pin="3"/>
      <node ref="Q3" pin="1"/>
      <node ref="R19" pin="1"/>
    </net>
    <net code="6" name="Net-(Q2-Pad1)">
      <node ref="Q2" pin="1"/>
      <node ref="R20" pin="1"/>
    </net>
    <net code="7" name="Net-(U6-Pad5)">
      <node ref="U6" pin="5"/>
      <node ref="U7" pin="15"/>
    </net>
    <net code="8" name="Net-(R53-Pad1)">
      <node ref="R53" pin="1"/>
      <node ref="U7" pin="6"/>
    </net>
    <net code="9" name="Net-(Q4-Pad1)">
      <node ref="R54" pin="1"/>
      <node ref="Q4" pin="1"/>
    </net>
    <net code="10" name="Net-(R57-Pad1)">
      <node ref="U6" pin="1"/>
      <node ref="R57" pin="1"/>
    </net>
    <net code="11" name="/103_UART_RX">
      <node ref="U7" pin="12"/>
      <node ref="C34" pin="1"/>
      <node ref="R57" pin="2"/>
      <node ref="U1" pin="7"/>
    </net>
    <net code="12" name="ADC_VREV">
      <node ref="R1" pin="2"/>
      <node ref="R2" pin="1"/>
      <node ref="U1" pin="28"/>
    </net>
    <net code="13" name="Net-(D2-Pad1)">
      <node ref="D2" pin="1"/>
      <node ref="R11" pin="2"/>
    </net>
    <net code="14" name="ADC_VSUN">
      <node ref="U1" pin="27"/>
      <node ref="R14" pin="2"/>
      <node ref="C4" pin="1"/>
      <node ref="Q1" pin="2"/>
    </net>
    <net code="15" name="Net-(C19-Pad1)">
      <node ref="C19" pin="1"/>
      <node ref="U2" pin="13"/>
      <node ref="L1" pin="2"/>
    </net>
    <net code="16" name="/103_UART_TX">
      <node ref="R51" pin="1"/>
      <node ref="U1" pin="6"/>
    </net>
    <net code="17" name="/ESP01_RX">
      <node ref="U7" pin="11"/>
      <node ref="R51" pin="2"/>
      <node ref="R58" pin="2"/>
    </net>
    <net code="18" name="SOIL3_ENABLE">
      <node ref="U10" pin="3"/>
      <node ref="U1" pin="34"/>
    </net>
    <net code="19" name="Vcell">
      <node ref="R9" pin="1"/>
      <node ref="C7" pin="1"/>
      <node ref="BT1" pin="1"/>
      <node ref="J15" pin="2"/>
      <node ref="J15" pin="1"/>
      <node ref="C30" pin="1"/>
      <node ref="U9" pin="1"/>
      <node ref="C36" pin="1"/>
      <node ref="R10" pin="2"/>
      <node ref="C20" pin="1"/>
      <node ref="U10" pin="1"/>
      <node ref="C6" pin="1"/>
      <node ref="U8" pin="1"/>
      <node ref="R11" pin="1"/>
      <node ref="Q2" pin="2"/>
      <node ref="U5" pin="1"/>
      <node ref="D1" pin="1"/>
      <node ref="C38" pin="1"/>
    </net>
    <net code="20" name="Net-(C16-Pad1)">
      <node ref="C33" pin="1"/>
      <node ref="C16" pin="1"/>
      <node ref="J5" pin="4"/>
      <node ref="R22" pin="2"/>
      <node ref="R23" pin="1"/>
      <node ref="U8" pin="5"/>
    </net>
    <net code="21" name="SOIL1_ENABLE">
      <node ref="U1" pin="11"/>
      <node ref="U8" pin="3"/>
    </net>
    <net code="22" name="Net-(C10-Pad1)">
      <node ref="C13" pin="1"/>
      <node ref="R15" pin="2"/>
      <node ref="R16" pin="1"/>
      <node ref="U5" pin="5"/>
      <node ref="C10" pin="1"/>
      <node ref="J4" pin="4"/>
    </net>
    <net code="23" name="Net-(R10-Pad1)">
      <node ref="R10" pin="1"/>
      <node ref="U9" pin="3"/>
    </net>
    <net code="24" name="Net-(C21-Pad1)">
      <node ref="C21" pin="1"/>
      <node ref="R29" pin="2"/>
      <node ref="R30" pin="1"/>
      <node ref="C39" pin="1"/>
      <node ref="U10" pin="5"/>
      <node ref="J6" pin="4"/>
    </net>
    <net code="25" name="Net-(C18-Pad1)">
      <node ref="C18" pin="1"/>
      <node ref="J6" pin="2"/>
      <node ref="RN4" pin="1"/>
    </net>
    <net code="26" name="Net-(C17-Pad1)">
      <node ref="RN4" pin="2"/>
      <node ref="J6" pin="3"/>
      <node ref="C17" pin="1"/>
    </net>
    <net code="27" name="SOIL3_SCL">
      <node ref="RN4" pin="8"/>
      <node ref="U1" pin="35"/>
      <node ref="R30" pin="2"/>
    </net>
    <net code="28" name="SOIL3_SDA">
      <node ref="R29" pin="1"/>
      <node ref="RN4" pin="7"/>
      <node ref="U1" pin="36"/>
    </net>
    <net code="29" name="SPI_CLK">
      <node ref="RN2" pin="5"/>
      <node ref="U3" pin="6"/>
    </net>
    <net code="30" name="Net-(R50-Pad2)">
      <node ref="R50" pin="2"/>
      <node ref="U3" pin="3"/>
    </net>
    <net code="31" name="Net-(R49-Pad2)">
      <node ref="U3" pin="7"/>
      <node ref="R49" pin="2"/>
    </net>
    <net code="32" name="/103_SPI1_MOSI">
      <node ref="U1" pin="32"/>
      <node ref="RN2" pin="3"/>
    </net>
    <net code="33" name="SPI_MOSI">
      <node ref="RN2" pin="6"/>
      <node ref="U3" pin="5"/>
    </net>
    <net code="34" name="SPI_MISO">
      <node ref="RN2" pin="7"/>
      <node ref="U3" pin="2"/>
    </net>
    <net code="35" name="DHT22_DATA">
      <node ref="R12" pin="1"/>
      <node ref="U1" pin="5"/>
      <node ref="RN4" pin="5"/>
    </net>
    <net code="36" name="Net-(C12-Pad1)">
      <node ref="J4" pin="2"/>
      <node ref="RN3" pin="7"/>
      <node ref="C12" pin="1"/>
    </net>
    <net code="37" name="Net-(C11-Pad1)">
      <node ref="RN3" pin="8"/>
      <node ref="C11" pin="1"/>
      <node ref="J4" pin="3"/>
    </net>
    <net code="38" name="SOIL2_SCL">
      <node ref="R16" pin="2"/>
      <node ref="U1" pin="16"/>
      <node ref="RN3" pin="2"/>
    </net>
    <net code="39" name="SOIL2_SDA">
      <node ref="R15" pin="1"/>
      <node ref="U1" pin="17"/>
      <node ref="RN3" pin="1"/>
    </net>
    <net code="40" name="Net-(C15-Pad1)">
      <node ref="RN3" pin="5"/>
      <node ref="C15" pin="1"/>
      <node ref="J5" pin="2"/>
    </net>
    <net code="41" name="Net-(C14-Pad1)">
      <node ref="J5" pin="3"/>
      <node ref="RN3" pin="6"/>
      <node ref="C14" pin="1"/>
    </net>
    <net code="42" name="SOIL1_SCL">
      <node ref="RN3" pin="4"/>
      <node ref="U1" pin="14"/>
      <node ref="R23" pin="2"/>
    </net>
    <net code="43" name="SOIL1_SDA">
      <node ref="RN3" pin="3"/>
      <node ref="U1" pin="15"/>
      <node ref="R22" pin="1"/>
    </net>
    <net code="44" name="+5V">
      <node ref="C1" pin="1"/>
      <node ref="U1" pin="18"/>
    </net>
    <net code="45" name="/103_SPI2_CLK">
      <node ref="RN1" pin="4"/>
      <node ref="U1" pin="2"/>
    </net>
    <net code="46" name="RFM_IRQ">
      <node ref="U1" pin="12"/>
      <node ref="U2" pin="14"/>
    </net>
    <net code="47" name="RFM_RESET">
      <node ref="U2" pin="6"/>
      <node ref="U1" pin="13"/>
    </net>
    <net code="48" name="SPI2_MOSI">
      <node ref="U2" pin="3"/>
      <node ref="R40" pin="1"/>
      <node ref="RN1" pin="7"/>
    </net>
    <net code="49" name="SPI2_MISO">
      <node ref="R41" pin="1"/>
      <node ref="U2" pin="2"/>
      <node ref="RN1" pin="6"/>
    </net>
    <net code="50" name="SPI2_CLK">
      <node ref="RN1" pin="5"/>
      <node ref="R39" pin="1"/>
      <node ref="U2" pin="4"/>
    </net>
    <net code="51" name="/103_SPI1_CLK">
      <node ref="U1" pin="30"/>
      <node ref="RN2" pin="4"/>
    </net>
    <net code="52" name="/103_SPI1_MISO">
      <node ref="RN2" pin="2"/>
      <node ref="U1" pin="31"/>
    </net>
    <net code="53" name="SPI2_CS_RFM">
      <node ref="R35" pin="1"/>
      <node ref="U1" pin="1"/>
      <node ref="U2" pin="5"/>
    </net>
    <net code="54" name="+3V3">
      <node ref="U4" pin="1"/>
      <node ref="U11" pin="1"/>
      <node ref="R49" pin="1"/>
      <node ref="U1" pin="20"/>
      <node ref="D4" pin="2"/>
      <node ref="D8" pin="2"/>
      <node ref="R50" pin="1"/>
      <node ref="R35" pin="2"/>
      <node ref="R1" pin="1"/>
      <node ref="U9" pin="5"/>
      <node ref="U1" pin="38"/>
      <node ref="C3" pin="2"/>
      <node ref="D3" pin="2"/>
      <node ref="C2" pin="1"/>
      <node ref="L2" pin="2"/>
      <node ref="R48" pin="1"/>
      <node ref="D7" pin="2"/>
      <node ref="L1" pin="1"/>
      <node ref="R41" pin="2"/>
      <node ref="R40" pin="2"/>
      <node ref="U3" pin="8"/>
      <node ref="C26" pin="1"/>
      <node ref="Q4" pin="2"/>
      <node ref="C29" pin="1"/>
      <node ref="C9" pin="1"/>
      <node ref="R12" pin="2"/>
      <node ref="J3" pin="4"/>
      <node ref="R39" pin="2"/>
      <node ref="C37" pin="1"/>
    </net>
    <net code="55" name="SPI_CS_FLASH">
      <node ref="U3" pin="1"/>
      <node ref="R48" pin="2"/>
      <node ref="U1" pin="29"/>
    </net>
    <net code="56" name="/103_SPI2_MOSI">
      <node ref="RN1" pin="2"/>
      <node ref="U1" pin="4"/>
    </net>
    <net code="57" name="/103_SPI2_MISO">
      <node ref="RN1" pin="3"/>
      <node ref="U1" pin="3"/>
    </net>
    <net code="58" name="Net-(J12-Pad1)">
      <node ref="U2" pin="9"/>
      <node ref="J12" pin="1"/>
    </net>
    <net code="59" name="GND">
      <node ref="C18" pin="2"/>
      <node ref="C38" pin="2"/>
      <node ref="U2" pin="1"/>
      <node ref="C34" pin="2"/>
      <node ref="C33" pin="2"/>
      <node ref="C37" pin="2"/>
      <node ref="C6" pin="2"/>
      <node ref="C13" pin="2"/>
      <node ref="C29" pin="2"/>
      <node ref="U4" pin="3"/>
      <node ref="U2" pin="8"/>
      <node ref="U2" pin="10"/>
      <node ref="C17" pin="2"/>
      <node ref="C19" pin="2"/>
      <node ref="U5" pin="2"/>
      <node ref="R19" pin="2"/>
      <node ref="Q3" pin="3"/>
      <node ref="U8" pin="2"/>
      <node ref="C35" pin="2"/>
      <node ref="C36" pin="2"/>
      <node ref="C16" pin="2"/>
      <node ref="C10" pin="2"/>
      <node ref="U11" pin="3"/>
      <node ref="U10" pin="2"/>
      <node ref="C27" pin="2"/>
      <node ref="R53" pin="2"/>
      <node ref="C20" pin="2"/>
      <node ref="U9" pin="2"/>
      <node ref="R2" pin="2"/>
      <node ref="C39" pin="2"/>
      <node ref="C21" pin="2"/>
      <node ref="J6" pin="1"/>
      <node ref="C32" pin="2"/>
      <node ref="U1" pin="40"/>
      <node ref="J14" pin="2"/>
      <node ref="U6" pin="2"/>
      <node ref="C31" pin="2"/>
      <node ref="R55" pin="2"/>
      <node ref="C30" pin="2"/>
      <node ref="J4" pin="1"/>
      <node ref="U7" pin="18"/>
      <node ref="U7" pin="PAD"/>
      <node ref="J3" pin="1"/>
      <node ref="J12" pin="2"/>
      <node ref="J14" pin="1"/>
      <node ref="C1" pin="2"/>
      <node ref="C2" pin="2"/>
      <node ref="C3" pin="1"/>
      <node ref="U1" pin="39"/>
      <node ref="U1" pin="19"/>
      <node ref="U3" pin="4"/>
      <node ref="J5" pin="1"/>
      <node ref="C15" pin="2"/>
      <node ref="C14" pin="2"/>
      <node ref="C12" pin="2"/>
      <node ref="C11" pin="2"/>
      <node ref="C8" pin="2"/>
      <node ref="C26" pin="2"/>
      <node ref="C7" pin="2"/>
      <node ref="D9" pin="2"/>
      <node ref="R8" pin="2"/>
      <node ref="C5" pin="2"/>
      <node ref="J2" pin="2"/>
      <node ref="U7" pin="13"/>
      <node ref="U7" pin="9"/>
      <node ref="C9" pin="2"/>
    </net>
    <net code="61" name="Net-(RN2-Pad1)">
      <node ref="RN2" pin="1"/>
    </net>
    <net code="62" name="Net-(RN2-Pad8)">
      <node ref="RN2" pin="8"/>
    </net>
    <net code="63" name="Net-(RN4-Pad6)">
      <node ref="RN4" pin="6"/>
    </net>
    <net code="64" name="Net-(RN4-Pad3)">
      <node ref="RN4" pin="3"/>
    </net>
    <net code="65" name="Net-(RN1-Pad1)">
      <node ref="RN1" pin="1"/>
    </net>
    <net code="66" name="Net-(RN1-Pad8)">
      <node ref="RN1" pin="8"/>
    </net>
    <net code="67" name="Net-(C8-Pad1)">
      <node ref="RN4" pin="4"/>
      <node ref="J3" pin="3"/>
      <node ref="C8" pin="1"/>
    </net>
    <net code="68" name="Net-(J18-Pad1)">
      <node ref="J18" pin="1"/>
    </net>
    <net code="69" name="SUN_ENABLE">
      <node ref="R21" pin="1"/>
      <node ref="J17" pin="1"/>
      <node ref="Q1" pin="1"/>
      <node ref="U1" pin="10"/>
    </net>
    <net code="70" name="Net-(J23-Pad1)">
      <node ref="J23" pin="1"/>
    </net>
    <net code="71" name="Net-(J22-Pad1)">
      <node ref="J22" pin="1"/>
    </net>
    <net code="72" name="Net-(J21-Pad1)">
      <node ref="J21" pin="1"/>
    </net>
    <net code="73" name="Net-(J20-Pad1)">
      <node ref="J20" pin="1"/>
    </net>
    <net code="74" name="Net-(J19-Pad1)">
      <node ref="J19" pin="1"/>
    </net>
    <net code="75" name="Net-(J3-Pad2)">
      <node ref="J3" pin="2"/>
    </net>
    <net code="76" name="Net-(U2-Pad15)">
      <node ref="U2" pin="15"/>
    </net>
    <net code="77" name="Net-(C27-Pad1)">
      <node ref="C31" pin="1"/>
      <node ref="U7" pin="1"/>
      <node ref="C27" pin="1"/>
      <node ref="U6" pin="7"/>
      <node ref="L2" pin="1"/>
    </net>
    <net code="78" name="Vsun">
      <node ref="D9" pin="1"/>
      <node ref="D1" pin="2"/>
      <node ref="J2" pin="1"/>
      <node ref="R21" pin="2"/>
      <node ref="Q1" pin="3"/>
    </net>
    <net code="79" name="Net-(D7-Pad1)">
      <node ref="D8" pin="1"/>
      <node ref="D7" pin="1"/>
      <node ref="R56" pin="2"/>
    </net>
    <net code="80" name="Net-(D3-Pad1)">
      <node ref="R3" pin="2"/>
      <node ref="D4" pin="1"/>
      <node ref="D3" pin="1"/>
    </net>
    <net code="81" name="Net-(D5-Pad1)">
      <node ref="D6" pin="1"/>
      <node ref="R55" pin="1"/>
      <node ref="D5" pin="1"/>
    </net>
    <net code="82" name="ESP_ENABLE">
      <node ref="D6" pin="2"/>
      <node ref="D5" pin="2"/>
      <node ref="Q4" pin="3"/>
      <node ref="U7" pin="2"/>
      <node ref="C32" pin="1"/>
      <node ref="U1" pin="25"/>
      <node ref="U6" pin="3"/>
    </net>
    <net code="83" name="Net-(R54-Pad2)">
      <node ref="U4" pin="2"/>
      <node ref="U11" pin="2"/>
      <node ref="R54" pin="2"/>
    </net>
    <net code="84" name="Net-(R3-Pad1)">
      <node ref="U1" pin="22"/>
      <node ref="R3" pin="1"/>
    </net>
    <net code="85" name="Net-(U1-Pad8)">
      <node ref="U1" pin="8"/>
    </net>
    <net code="86" name="Net-(U1-Pad9)">
      <node ref="U1" pin="9"/>
    </net>
    <net code="87" name="Net-(U2-Pad7)">
      <node ref="U2" pin="7"/>
    </net>
    <net code="88" name="Net-(U2-Pad12)">
      <node ref="U2" pin="12"/>
    </net>
    <net code="89" name="Net-(U2-Pad11)">
      <node ref="U2" pin="11"/>
    </net>
    <net code="90" name="Net-(U2-Pad16)">
      <node ref="U2" pin="16"/>
    </net>
    <net code="91" name="Net-(J7-Pad1)">
      <node ref="J7" pin="1"/>
    </net>
    <net code="92" name="Net-(J1-Pad1)">
      <node ref="J1" pin="1"/>
    </net>
    <net code="93" name="Net-(U1-Pad37)">
      <node ref="U1" pin="37"/>
    </net>
    <net code="94" name="Net-(J8-Pad1)">
      <node ref="J8" pin="1"/>
    </net>
    <net code="95" name="Net-(J9-Pad1)">
      <node ref="J9" pin="1"/>
    </net>
    <net code="96" name="Net-(J10-Pad1)">
      <node ref="J10" pin="1"/>
    </net>
    <net code="97" name="Net-(J11-Pad1)">
      <node ref="J11" pin="1"/>
    </net>
    <net code="98" name="Net-(U7-Pad17)">
      <node ref="U7" pin="17"/>
    </net>
    <net code="99" name="Net-(U7-Pad16)">
      <node ref="U7" pin="16"/>
    </net>
    <net code="100" name="Net-(U7-Pad14)">
      <node ref="U7" pin="14"/>
    </net>
    <net code="101" name="Net-(U7-Pad10)">
      <node ref="U7" pin="10"/>
    </net>
    <net code="102" name="Net-(U7-Pad5)">
      <node ref="U7" pin="5"/>
    </net>
    <net code="103" name="Net-(U7-Pad4)">
      <node ref="U7" pin="4"/>
    </net>
    <net code="104" name="Net-(U7-Pad3)">
      <node ref="U7" pin="3"/>
    </net>
    <net code="105" name="Net-(U1-Pad24)">
      <node ref="U1" pin="24"/>
    </net>
    <net code="106" name="Net-(U1-Pad21)">
      <node ref="U1" pin="21"/>
    </net>
    <net code="107" name="Net-(U1-Pad23)">
      <node ref="U1" pin="23"/>
    </net>
    <net code="108" name="Ncell">
      <node ref="C4" pin="2"/>
      <node ref="BT1" pin="2"/>
      <node ref="R20" pin="2"/>
      <node ref="Q3" pin="2"/>
      <node ref="D2" pin="2"/>
      <node ref="R14" pin="1"/>
    </net>
    <net code="109" name="ADC_VBAT">
      <node ref="U1" pin="26"/>
      <node ref="R9" pin="2"/>
      <node ref="R8" pin="1"/>
      <node ref="C5" pin="1"/>
    </net>
    <net code="110" name="Net-(U5-Pad4)">
      <node ref="U5" pin="4"/>
    </net>
    <net code="111" name="Net-(U8-Pad4)">
      <node ref="U8" pin="4"/>
    </net>
    <net code="112" name="Net-(U9-Pad4)">
      <node ref="U9" pin="4"/>
    </net>
    <net code="113" name="Net-(U10-Pad4)">
      <node ref="U10" pin="4"/>
    </net>
  </nets>
</export>
