Refs,Value,Footprint,QTY,MFR,MPN,SPR,SPN
C26;C27;C19;C1;C2;C3;C30;C29,100n,Capacitors_SMD:C_0603,8,Samsung,CL10B104KB8NNNC,,
C4;C5,10n,Capacitors_SMD:C_0603,2,Murata,GRM1885C1H103JA,,
C31,10u,Capacitors_SMD:C_0603,1,,,,
C13;C6;C33;C20;C39;C38;C37;C36,1u,Capacitors_SMD:C_0603,8,,,,
C12;C11;C8;C9;C15;C14;C18;C17;C32;C34;C35;C10;C16;C21,DNP,Capacitors_SMD:C_0603,14,,,,
D9,4V7,Diodes_ThroughHole:D_DO-41_SOD81_P5.08mm_Vertical_KathodeUp,1,,1N5917B,,
U6,ESP-01v090,ESP8266:ESP-01,1,Espressif,,,
U7,ESP-13-WROOM-02,ESP8266:ESP-13-WROOM-02,1,Espressif,ESP-WROOM-02,,
U3,W25Q16JVSNIQ,Housings_SOIC:SOIC-8_3.9x4.9mm_Pitch1.27mm,1,,W25Q16JVSNIQ,,
BT1,Battery_Cell,Keystone:KEYS-1043,1,Keystone,1043,,
D5;D4;D8,LED,LEDs:LED-3MM,3,,,,
D6;D7;D3,LED,LEDs:LED_0805,3,,,,
U2,RFM95,RFM92_95_96_98:RFM92_95_96_98,1,,RFM95,,
R14,1,Resistors_SMD:R_0603,1,,,,
R9;R8;R53;R39;R40;R41;R35;R2;R50;R49;R48,100K,Resistors_SMD:R_0603,11,Vishay,CRCW0603100KFKEA,,
R15;R16;R22;R23;R29;R30;R51;R55;R54;R56;R57;R58;R3,1K,Resistors_SMD:R_0603,13,Vishay,CRCW06031K00FKTABC,,
R21;R10,1M,Resistors_SMD:R_0603,2,Vishay,CRCW06031M00FKEA,,
R12;R1,DNP,Resistors_SMD:R_0603,2,,,,
L1;L2,L,Resistors_SMD:R_0603,2,Murata,BLM18AG331SN1D,,
RN2;RN1;RN3;RN4,100,Resistors_SMD:R_Array_Convex_4x0603,4,Yageo,YC164-JR-07100R,,
U4,AH9250,TO_SOT_Packages_SMD:SOT-23,1,,AH9250-P-B,,
Q1,Q_NMOS_GSD,TO_SOT_Packages_SMD:SOT-23,1,ON Semiconductor,FDN339AN,,
Q4,Q_PMOS_GSD,TO_SOT_Packages_SMD:SOT-23,1,ON Semiconductor,FDV304P,,
U5;U8;U10;U9,MIC5504-3.3YM5,TO_SOT_Packages_SMD:SOT-23-5,4,Microchip,MIC5504-3.3YM5,,
U11,AH9250,TO_SOT_Packages_THT:TO-92_Inline_Narrow_Oval,1,,AH9250-W-7,,
J5;J6;J3;J4,Conn_01x04,Zelkova:1-2834021-4-dual,4,,,,
D1,D_Schottky,Zelkova:SMA_Standard,1,,,,
J12,Conn_Coaxial,Zelkova:U.FL-COAX,1,,,,