{
  "build": {
    "cpu": "cortex-m4",
    "extra_flags": "-DSTM32L412xx",
    "f_cpu": "80000000L",
    "mcu": "stm32l412kbt6",
    "variant": "NUCLEO_L412KB"
  },
  "debug": {
    "default_tools": [
      "stlink"
    ],
    "jlink_device": "STM32L412KB",
    "onboard_tools": [
      "stlink"
    ],
    "openocd_target": "stm32l4x",
    "svd_path": "STM32L4x2.svd"
  },
  "frameworks": [
    "arduino",
    "mbed",
    "stm32cube"
  ],
  "name": "ST Nucleo L412KB",
  "upload": {
    "maximum_ram_size": 32768,
    "maximum_size": 131072,
    "protocol": "mbed",
    "protocols": [
      "jlink",
      "stlink",
      "blackmagic",
      "mbed"
    ]
  },
  "url": "https://developer.mbed.org/platforms/ST-Nucleo-L412KB/",
  "vendor": "ST"
}
