{
  "build": {
    "cpu": "cortex-m7",
    "extra_flags": "-DSTM32F750xx",
    "f_cpu": "216000000L",
    "mcu": "stm32f750n8h6",
    "variant": "DISCO_F750N8"
  },
  "connectivity": [
    "can",
    "ethernet"
  ],
  "debug": {
    "default_tools": [
      "stlink"
    ],
    "jlink_device": "STM32F750N8",
    "onboard_tools": [
      "stlink"
    ],
    "openocd_board": "stm32f7discovery",
    "svd_path": "STM32F7x.svd"
  },
  "frameworks": [
    "arduino",
    "mbed",
    "stm32cube"
  ],
  "name": "ST 32F7508DISCOVERY",
  "upload": {
    "maximum_ram_size": 327680,
    "maximum_size": 65536,
    "protocol": "stlink",
    "protocols": [
      "jlink",
      "stlink",
      "blackmagic",
      "mbed"
    ]
  },
  "url": "https://www.st.com/content/st_com/en/products/evaluation-tools/product-evaluation-tools/mcu-mpu-eval-tools/stm32-mcu-mpu-eval-tools/stm32-discovery-kits/stm32f7508-dk.html",
  "vendor": "ST"
}
