{
    "main": {
        "gadgets": [
            {
                "name": "http",
                "type": "HTTPServer"
            },
            {
                "name": "init",
                "type": "init"
            }
        ],
        "feeds": [
            {
                "tag": "/",
                "data": "./app",
                "to": "http.Handlers"
            },
            {
                "tag": "/base/",
                "data": "./base",
                "to": "http.Handlers"
            },
            {
                "tag": "/ws",
                "data": "<websocket>",
                "to": "http.Handlers"
            },
            {
                "data": ":3333",
                "to": "http.Port"
            }
        ]
    },
    "init": {
        "gadgets": [
            {
                "name": "reload",
                "type": "WSLiveReload"
            },
            {
                "name": "dummy",
                "type": "Pipe"
            },
            {
                "name": "tableFill",
                "type": "tableFill"
            },
            {
                "name": "cb",
                "type": "CanBridge"
            },
            {
                "name": "bm",
                "type": "BootMaster"
            },
            {
                "name": "c1",
                "type": "Clock"
            },
            {
                "name": "m1",
                "type": "MotionDemo"
            },
            {
                "name": "c2",
                "type": "Clock"
            },
            {
                "name": "m2",
                "type": "MotionDemo"
            },
            {
                "name": "demoA",
                "type": "Clock"
            },
            {
                "name": "demoB",
                "type": "AddTag"
            },
            {
                "name": "demoC",
                "type": "LevelDB"
            }
        ],
        "feeds": [
            {
                "data": "/dev/tty.usbserial-A6006eRB",
                "to": "sp.Port"
            },
            {
                "data": "2s",
                "to": "c1.In"
            },
            {
                "data": "101",
                "to": "m1.Addr"
            },
            {
                "data": "9s",
                "to": "c2.In"
            },
            {
                "data": "102",
                "to": "m2.Addr"
            },
            {
                "data": "3s",
                "to": "demoA.In"
            },
            {
                "data": "/demo/tick",
                "to": "demoB.Tag"
            }
        ],
        "wires": [
            {
                "from": "cb.Out",
                "to": "bm.In"
            },
            {
                "from": "bm.Out",
                "to": "cb.In"
            },
            {
                "from": "c1.Out",
                "to": "m1.In"
            },
            {
                "from": "m1.Out",
                "to": "cb.In"
            },
            {
                "from": "c2.Out",
                "to": "m2.In"
            },
            {
                "from": "m2.Out",
                "to": "cb.In"
            },
            {
                "from": "demoA.Out",
                "to": "demoB.In"
            },
            {
                "from": "demoB.Out",
                "to": "demoC.In"
            }
        ],
        "labels": [
            {
                "external": "In",
                "internal": "dummy.In"
            },
            {
                "external": "Out",
                "internal": "dummy.Out"
            }
        ]
    },
    "WebSocket-jeebus": {
        "gadgets": [
            {
                "name": "rpc",
                "type": "RpcHandler"
            }
        ],
        "labels": [
            {
                "external": "In",
                "internal": "rpc.In"
            },
            {
                "external": "Out",
                "internal": "rpc.Out"
            }
        ]
    },
    "demo": {
        "gadgets": [
            {
                "name": "c",
                "type": "Clock"
            }
        ],
        "feeds": [
            {
                "data": "1s",
                "to": "c.Rate"
            }
        ]
    },
    "tableFill": {
        "gadgets": [
            {
                "name": "db",
                "type": "LevelDB"
            }
        ],
        "feeds": [
            {
                "to": "db.In",
                "tag": "/table/table",
                "data": {
                    "attr": "id attr"
                }
            },
            {
                "to": "db.In",
                "tag": "/column/table/id",
                "data": {
                    "name": "Ident"
                }
            },
            {
                "to": "db.In",
                "tag": "/column/table/attr",
                "data": {
                    "name": "Attributes"
                }
            },
            {
                "to": "db.In",
                "tag": "/table/column",
                "data": {
                    "attr": "id name"
                }
            },
            {
                "to": "db.In",
                "tag": "/column/column/id",
                "data": {
                    "name": "Ident"
                }
            },
            {
                "to": "db.In",
                "tag": "/column/column/name",
                "data": {
                    "name": "Name"
                }
            },
            {
                "to": "db.In",
                "tag": "/table/driver",
                "data": {
                    "attr": "id name unit factor scale"
                }
            },
            {
                "to": "db.In",
                "tag": "/column/driver/id",
                "data": {
                    "name": "Parameter"
                }
            },
            {
                "to": "db.In",
                "tag": "/column/driver/name",
                "data": {
                    "name": "Name"
                }
            },
            {
                "to": "db.In",
                "tag": "/column/driver/unit",
                "data": {
                    "name": "Unit"
                }
            },
            {
                "to": "db.In",
                "tag": "/column/driver/factor",
                "data": {
                    "name": "Factor"
                }
            },
            {
                "to": "db.In",
                "tag": "/column/driver/scale",
                "data": {
                    "name": "Scale"
                }
            },
            {
                "to": "db.In",
                "tag": "/table/reading",
                "data": {
                    "attr": "id loc val ms typ"
                }
            },
            {
                "to": "db.In",
                "tag": "/column/reading/id",
                "data": {
                    "name": "Ident"
                }
            },
            {
                "to": "db.In",
                "tag": "/column/reading/loc",
                "data": {
                    "name": "Location"
                }
            },
            {
                "to": "db.In",
                "tag": "/column/reading/val",
                "data": {
                    "name": "Values"
                }
            },
            {
                "to": "db.In",
                "tag": "/column/reading/ms",
                "data": {
                    "name": "Timestamp"
                }
            },
            {
                "to": "db.In",
                "tag": "/column/reading/typ",
                "data": {
                    "name": "Type"
                }
            }
        ]
    },
    "circuitFill": {
        "gadgets": [
            {
                "name": "db",
                "type": "LevelDB"
            }
        ],
        "feeds": [
            {
                "to": "db.In",
                "tag": "/circuit/demo1/g3",
                "data": {
                    "x": 320,
                    "y": 60,
                    "title": "StepGen-X",
                    "type": "StepGen",
                    "feed": {
                        "Params": [
                            1000,
                            500
                        ]
                    },
                    "wire": {
                        "Out": "g4.Cmds"
                    }
                }
            },
            {
                "to": "db.In",
                "tag": "/circuit/demo1/g4",
                "data": {
                    "x": 540,
                    "y": 70,
                    "title": "SSB-X",
                    "type": "SSB"
                }
            },
            {
                "to": "db.In",
                "tag": "/circuit/demo1/g5",
                "data": {
                    "x": 340,
                    "y": 140,
                    "title": "StepGen-Y",
                    "type": "StepGen",
                    "feed": {
                        "Params": [
                            300,
                            900
                        ]
                    },
                    "wire": {
                        "Out": "g6.Cmds"
                    }
                }
            },
            {
                "to": "db.In",
                "tag": "/circuit/demo1/g6",
                "data": {
                    "x": 520,
                    "y": 150,
                    "title": "SSB-Y",
                    "type": "SSB"
                }
            }
        ]
    },
    "try1": {
        "gadgets": [
            {
                "name": "db",
                "type": "LevelDB"
            }
        ],
        "feeds": [
            {
                "tag": "<range>",
                "data": "/reading/",
                "to": "db.In"
            }
        ]
    }
}